gene_id,gene_symbol,name,in_manning,in_kinmap,in_uniprot_kinasedomain,in_IDG_darkkinases,n_pubmed_citations_2013to2018,pharos_designation,pdb_id
25,ABL1,"ABL proto-oncogene 1, non-receptor tyrosine kinase",True,True,True,False,1368,Tclin,2G2F;2F4J;4XEY;2HZI;2G2I;2G2H;3QRJ;3QRK;3QRI;5MO4;4WA9;2E2B;3CS9;4TWP;1OPL;2FO0;5HU9;3UE4;2HYY;2G1T;4YC8;3PYY;2V7A;2GQG;2HIW;2HZ4;2HZ0;6BL8;4ZOG
27,ABL2,"ABL proto-oncogene 2, non-receptor tyrosine kinase",True,True,True,False,68,Tchem,2XYN;3GVU;3HMI
29,ABR,"ABR, RhoGEF and GTPase activating protein",False,True,False,False,2588,Tbio,
90,ACVR1,activin A receptor type 1,True,True,True,False,214,Tchem,6GI6;6GIP;3H9R;5OY6;6EIX;3OOM;4C02;4BGG;3Q4U;6GIN;3MTF;5OXG;4DYM
91,ACVR1B,activin A receptor type 1B,True,True,True,False,62,Tchem,
92,ACVR2A,activin A receptor type 2A,True,True,True,False,66,Tchem,4ASX;3SOC;3Q4T
93,ACVR2B,activin A receptor type 2B,True,True,True,False,70,Tchem,2QLU
94,ACVRL1,activin A receptor like type 1,True,True,True,False,267,Tchem,3MY0
156,GRK2,G protein-coupled receptor kinase 2,True,True,True,False,321,Tchem,5UKK;5UVC;5WG3;5WG5;5WG4;6C2Y;3KRX;4PNK;5HE1;5UKL;3CIK;3V5W;4MK0;5UUU;3KRW
157,GRK3,G protein-coupled receptor kinase 3,True,True,True,False,29,Tchem,
207,AKT1,AKT serine/threonine kinase 1,True,True,True,False,2237,Tchem,4GV1;3O96;3OCB;4EKL;4EJN;5KCV;3CQU;3CQW;3MV5;3QKM;3QKL;3MVH;6C0I;6BUU;3QKK;3OW4;6CCY;4EKK
208,AKT2,AKT serine/threonine kinase 2,True,True,True,False,683,Tchem,3E8D;1MRY;2JDR;2UW9;1O6K;1MRV;3E87;1O6L;3E88;3D0E;2X39;2XH5;1GZN;1GZO;2JDO;1GZK
238,ALK,ALK receptor tyrosine kinase,True,True,True,False,4433,Tclin,6MX8;3L9P;5FTQ;3AOX;4CCU;4FNW;5FTO;4TT7;2XP2;2YHV;4MKC;4CCB;4CTB;4FNZ;2YJS;2YJR;5KZ0;4CTC;5AA9;5AA8;4FNY;5IMX;4CNH;5A9U;4CLJ;4CLI;4CD0;4DCE;4FNX;4ANL;4FOC;4FOB;5IUG;5IUI;5IUH;2XB7;5AAA;5AAC;5AAB;4ANS;2YFX;4ANQ;4CMT;4CMU;4JOA;3LCS;3LCT;4FOD;2XBA;4Z55;4CMO
269,AMHR2,anti-Mullerian hormone receptor type 2,True,True,True,False,103,Tbio,
369,ARAF,"A-Raf proto-oncogene, serine/threonine kinase",True,True,True,False,239,Tchem,
472,ATM,ATM serine/threonine kinase,True,True,True,False,7036,Tchem,
545,ATR,ATR serine/threonine kinase,True,True,True,False,5060,Tchem,
558,AXL,AXL receptor tyrosine kinase,True,True,True,False,831,Tchem,5U6B
613,BCR,"BCR, RhoGEF and GTPase activating protein",True,True,False,False,11526,Tclin,1K1F;5OC7;5N7E;2AIN;5N6R
640,BLK,"BLK proto-oncogene, Src family tyrosine kinase",True,True,True,False,342,Tchem,
644,BLVRA,biliverdin reductase A,False,True,False,False,20,Tbio,2H63
657,BMPR1A,bone morphogenetic protein receptor type 1A,True,True,True,False,240,Tchem,
658,BMPR1B,bone morphogenetic protein receptor type 1B,True,True,True,False,143,Tchem,3MDY
659,BMPR2,bone morphogenetic protein receptor type 2,True,True,True,False,606,Tchem,3G2F
660,BMX,BMX non-receptor tyrosine kinase,True,True,True,False,125,Tchem,3SXR;3SXS
673,BRAF,"B-Raf proto-oncogene, serine/threonine kinase",True,True,True,False,8547,Tclin,4R5Y;4KSP;5CSW;4XV1;3IDP;5CSX;4EHG;4KSQ;3Q96;5JRQ;3Q4C;4DBN;3PRI;3PRF;4E26;3II5;4PP7;5VAL;4RZW;5FD2;5HID;5HIE;6CAD;4H58;3C4C;2FB8;5ITA;3PPK;3PPJ;4EHE;4XV9;4FK3;5VAM;4JVG;5C9C;1UWJ;4RZV;1UWH;4YHT;4E4X;5JSM;5CT7;4XV2;5HI2;6B8U;3PSD;4MBJ;3PSB;3TV6;3TV4;4CQE;3D4Q;4G9R;4FC0;4MNF;4MNE;5JT2;3SKC;4XV3;4WO5;3OG7;4G9C
676,BRDT,bromodomain testis associated,True,True,False,False,77,Tchem,2RFJ;4FLP;5VBQ;4KCX;5VBR
695,BTK,Bruton tyrosine kinase,True,True,True,False,1021,Tclin,6DI5;4ZLZ;5P9I;6DI3;4ZLY;4YHF;6DI9;6BLN;5JRS;6EP9;3OCT;3OCS;6DI1;5VFI;3PJ2;6DI0;5J87;4RX5;5KUP;5P9H;4Z3V;5P9J;5P9K;5P9L;4OT6;4OT5;6BIK;1K2P;5VGO;3P08;5P9F;5P9G;6BKE;6E4F;3PJ3;4OTF;3PJ1;5BPY;5T18;6BKH;5ZZ4;5FBO;4OTR;4OTQ;3GEN;4RFY;4RFZ;5P9M;5BQ0;5FBN;3PIZ;3PIX;3PIY;6BKW;6AUA;6AUB;4RG0;5U9D;3K54;5XYZ;4NWM
699,BUB1,BUB1 mitotic checkpoint serine/threonine kinase,True,True,True,False,316,Tchem,5DMZ;4R8Q;4QPM;6F7B
701,BUB1B,BUB1 mitotic checkpoint serine/threonine kinase B,True,True,True,False,111,Tbio,
780,DDR1,discoidin domain receptor tyrosine kinase 1,True,True,True,False,171,Tchem,6FIO;3ZOS;6FIM;6FEX;5BVO;5BVN;6FIL;5BVK;5BVW;5FDX;4CKR;6GWR;6BSD;6BRJ;5FDP;6FIQ;4BKJ;6FEW;6FIN
814,CAMK4,calcium/calmodulin dependent protein kinase IV,True,True,True,False,74,Tbio,2W4O
815,CAMK2A,calcium/calmodulin dependent protein kinase II alpha,True,True,True,False,131,Tchem,2VZ6;3SOA
816,CAMK2B,calcium/calmodulin dependent protein kinase II beta,True,True,True,False,29,Tchem,3BHH
817,CAMK2D,calcium/calmodulin dependent protein kinase II delta,True,True,True,False,51,Tchem,2WEL;6AYW;5VLO;2VN9
818,CAMK2G,calcium/calmodulin dependent protein kinase II gamma,True,True,True,False,23,Tchem,2V7O
983,CDK1,cyclin dependent kinase 1,True,True,True,False,1693,Tchem,
984,CDK11B,cyclin dependent kinase 11B,False,True,True,True,3,Tchem,
1017,CDK2,cyclin dependent kinase 2,True,True,True,False,1712,Tchem,3RNI;5CYI;3S00;1FQ1;3QL8;3S0O;3DOG;2BHH;1PF8;5FP6;2A0C;2BHE;3TNW;2WXV;1GZ8;2V0D;3QU0;2DS1;3F5X;1V1K;3R71;2C5X;2C5Y;2C5V;3R7I;3R7V;3R7U;2C5N;2C5O;4FKU;3R7Y;2VTP;2VTQ;1WCC;2VTS;2VTT;2VTH;2VTI;2VTJ;2VTL;3ULI;2VTN;2VTO;2VTA;2WEV;5OO1;5OO0;5OO3;1H28;1H25;1H24;1H27;1H26;4D1Z;4D1X;3EZV;3EZR;4BZD;3R28;3QRT;3QRU;5OSM;5OSJ;1OI9;5ANI;3RM6;3RM7;1OIR;1OIQ;3RMF;1OIT;1OIY;1DM2;4BCO;3S1H;4BCM;4BCK;5IEV;5IEY;5IEX;2WIP;2WIH;4BCQ;4BCP;3LFN;1H1P;1H1Q;1H1R;1H1S;2CCH;2CCI;3LFS;3LFQ;4FKJ;4FKI;1F5Q;4FKO;4FKL;4FKG;1KE7;1KE6;1KE5;4FKS;4FKR;1KE9;1KE8;4FKW;4FKV;2R64;4FKT;5ANO;1FIN;1PW2;5NEV;1QMZ;3R6X;2C4G;3R1Q;3R1S;1OGU;3R1Y;5A14;3PXR;1BUH;5ANE;2VU3;2I40;1GIJ;1GII;1GIH;2CJM;1DI8;1PYE;3SQQ;3QXO;3QXP;4BGH;2XNB;2WMB;2WMA;4BCN;5JQ8;3RZB;1HCK;5JQ5;1HCL;3NS9;1PKD;5LMK;3EID;5FP5;3QX4;1W0X;4EOQ;3QX2;4LYN;5ANJ;5ANK;5IF1;3TI1;1E1X;1E1V;3S2P;3TIZ;3TIY;1JST;1JSU;1JSV;1W8C;5AND;1E9H;5ANG;1URC;1URW;5UQ1;5UQ3;5UQ2;2IW8;2IW9;2W17;2IW6;1Y8Y;3R73;4CFU;4CFW;4CFV;4CFX;3RKB;4CFM;2W1H;4CFN;6GUK;6GUH;6GUB;6GUC;6GUF;6GUE;2UZL;2UZO;2UZN;2UZE;2UZD;2DUV;2UZB;3RPV;3RPR;3RPY;1H07;3R7E;1H01;1H00;3RPO;3BHV;3BHU;3BHT;3LE6;1H08;1PXP;2BTR;2BTS;1PXO;1PXN;1PXM;1PXL;1PXK;1PXJ;1PXI;4EZ7;3RK9;4EZ3;4KD1;3RK7;3RK5;2WHB;1FVV;1FVT;3DDQ;3DDP;1H0W;1H0V;1P2A;4GCJ;2UUE;3SW7;3SW4;4FX3;3PY0;3PY1;6ATH;1AQ1;3R9N;3R9O;3R9H;3R9D;4RJ3;2V22;3QWK;3QWJ;1CKP;3EJ1;3UNJ;3UNK;2VTR;2VV9;1VYW;3IG7;1VYZ;2VTM;2G9X;1W98;3IGG;2JGZ;2R3Q;2R3P;2R3R;2R3I;2R3H;2R3K;2R3J;2R3M;2R3L;2R3O;2R3N;1B38;2B55;2R3G;2R3F;4NJ3;2C6T;1G5S;2C6O;2C6M;2C6L;2C6K;2C6I;4FKQ;4FKP;3RAL;3RAH;3RAI;3RAK;3QTQ;3QTR;3QTS;3QTU;3QTW;3QTX;3QTZ;2CLX;1OIU;2BPM;1OKW;1OKV;4II5;3ROY;1GY3;2C69;2C68;2W05;2W06;3WBL;2XMY;1OL1;1OL2;1Y91;1JVP;5D1J;4EK4;4EK5;4EK6;1P5E;4EK3;2BKZ;4EK8;3PJ8;3EOC;1B39;1YKR;4ACM;4I3Z;2WPA;3R8M;3R8L;3RJC;3PXF;4EOP;3PXY;3R8Z;3PXZ;3R8V;3R8U;3PXQ;3R8P;3FZ1;3QHW;3QHR;2FVD;2WFY;5K4J;4ERW;2A4L;1R78;5L2W;3R83;3QZF;3QZG;3QZH;3QZI;2J9M;2X1N;2EXM;2B54;2B53;2B52;4EOI;4EOJ;4EOK;4EOL;4EOM;4EON;4EOO;3QQL;3QQK;3QQJ;3QQH;3QQG;3QQF;4EOR;4EOS;3MY5;5MHQ
1018,CDK3,cyclin dependent kinase 3,True,True,True,False,25,Tchem,
1019,CDK4,cyclin dependent kinase 4,True,True,True,False,2347,Tclin,2W9Z;2W9F;2W99;2W96;3G33
1020,CDK5,cyclin dependent kinase 5,True,True,True,False,834,Tchem,1H4L;3O0G;1UNG;1UNH;4AU8;1UNL
1021,CDK6,cyclin dependent kinase 6,True,True,True,False,948,Tclin,1BLX;4EZ5;4AUA;3NUP;2EUF;1G3N;2F2C;5L2I;3NUX;4TTH;1BI8;5L2T;5L2S;1XO2;1BI7;1JOW
1022,CDK7,cyclin dependent kinase 7,True,True,True,False,151,Tchem,1UA2
1024,CDK8,cyclin dependent kinase 8,True,True,True,False,191,Tchem,5BNJ;5ICP;4F7N;4F7L;5XS2;4CRL;5FGK;3RGF;4F70;4F7S;4G6L;5CEI;5IDP;5XQX;5HBE;5IDN;5HBH;5HBJ;4F7J;4F6W;5HVY;5HNB;4F6U;5I5Z;4F6S
1025,CDK9,cyclin dependent kinase 9,True,True,True,False,359,Tchem,3BLR;3BLQ;4BCJ;4BCI;3TN8;4BCG;4BCF;4IMY;6GZH;3BLH;3MY1;3MI9;4EC8;5L1Z;4BCH;4OGR;4OR5;3LQ5;3MIA;4EC9;3TNI;3TNH;6CYT
1111,CHEK1,checkpoint kinase 1,True,True,True,False,511,Tchem,4FSR;4FSQ;4FSW;4FSU;4FST;4FSZ;4FSY;2XEY;2XEZ;3JVS;3JVR;4FSN;4FSM;3U9N;6FC8;4QYH;4QYF;4QYG;2YWP;6FCK;6FCF;1IA8;2GDO;2AYP;5OOR;2HXL;2YM4;2YM5;2YM6;2HXQ;2YM3;2YM8;2R0U;5OPV;2YDK;2YDJ;2YDI;4GH2;2BR1;2BRN;2BRO;2BRM;2BRH;2BRG;2E9N;2E9O;2BRB;2E9U;2E9V;1NVS;1NVR;1NVQ;2YEX;2YER;3OT3;2E9P;3OT8;5DLS;4QYE;5OP4;5OP5;5OP7;5OP2;2CGX;2WMX;2X8E;2WMV;2CGU;2CGV;2X8I;2WMR;2HY0;2WMQ;2WMU;2X8D;3TKH;3TKI;5OQ7;5OQ6;5OQ5;1ZLT;2WMW;2WMT;5OQ8;2CGW;5OPB;5OOP;2C3J;2C3K;2C3L;5OOT;2WMS;5OPU;2GHG;2YM7;5OPR;5OPS;3PA3;4RVK;4RVL;4RVM;3PA4;3PA5;4JIK;2QHN;2QHM;3F9N;2XF0;4FT9;5F4N;4FT3;4FT0;4FT7;4FT5;4FTJ;4FTK;4FTI;4FTN;4FTO;4FTL;4FTM;4FTC;4FTA;1ZYS;4FTR;4FTQ;3NLB;4FTT;4FTU;4HYI;4HYH;2HOG
1147,CHUK,conserved helix-loop-helix ubiquitous kinase,True,True,True,False,199,Tchem,5EBZ
1152,CKB,creatine kinase B,False,False,True,False,81,Tbio,3DRB;3B6R;3DRE
1158,CKM,"creatine kinase, M-type",False,False,True,False,88,Tbio,1I0E
1159,CKMT1B,"creatine kinase, mitochondrial 1B",False,False,True,False,1,Tbio,1QK1
1160,CKMT2,"creatine kinase, mitochondrial 2",False,False,True,False,16,Tbio,4Z9M
1195,CLK1,CDC like kinase 1,True,True,True,False,59,Tchem,2VAG;6G33;5X8I;6FT8;6FT9;5J1W;5J1V;1Z57;6FYO
1196,CLK2,CDC like kinase 2,True,True,True,False,33,Tchem,3NR9;6FYK;6FYI;5UNP;6FYL
1198,CLK3,CDC like kinase 3,True,True,True,True,9,Tchem,2EXE;6FYR;6FYP;2WU6;2WU7;3RAW;2EU9;6FT7
1263,PLK3,polo like kinase 3,True,True,True,False,81,Tchem,4B6L
1326,MAP3K8,mitogen-activated protein kinase kinase kinase 8,True,True,True,False,111,Tchem,4Y83;5IU2;4Y85
1432,MAPK14,mitogen-activated protein kinase 14,True,True,True,False,391,Tchem,3UVR;4DLJ;3LHJ;2ONL;5ETC;5ETA;1OUK;3UVP;5ETI;3GFE;1R3C;3HV3;3HV7;3HV6;1OUY;3HV4;1WBN;1WBO;2BAQ;3BV2;1IAN;3LFF;3LFE;3LFD;3LFC;3LFB;3LFA;5N67;3E93;3E92;3RIN;5N68;3HUB;3HUC;4F9W;1WBV;1WBW;1WBT;1A9U;1WBS;5N65;2BAL;3L8S;2ZB0;2ZB1;3L8X;5O8V;2I0H;3FI4;3ROC;1M7Q;3KF7;2NPQ;3C5U;3FMJ;3HVC;1R39;4KIN;3NNU;2ZAZ;3NNW;3NNV;4DLI;3ZYA;3O8U;3NNX;3ZSH;3ZSI;3U8W;5N64;4A9Y;4R3C;3ZSG;2QD9;3OEF;3HV5;3CTQ;5N63;3OD6;4KIP;3FSK;4KIQ;3FSF;3BX5;3S4Q;4E6A;5ETF;1ZYJ;2Y8O;3HLL;3O8P;3DT1;5MTX;3O8T;1BMK;3OC1;3KQ7;1OVE;4GEO;3ODZ;3BV3;3HL7;3ODY;1DI9;5MTY;4E8A;4EH7;2FSM;2FSL;2FSO;4EH6;3HEC;3QUE;3QUD;5TBE;1KV2;1KV1;3ITZ;2FST;3DS6;3ZS5;3OCG;3K3J;3K3I;3UVQ;4AAC;4EWQ;1ZZL;5TCO;3NEW;1WFC;4EHV;5WJJ;3GCS;3FC1;5O8U;3FML;3FMM;3FMN;3FMH;1W7H;3D7Z;3FMK;3OBG;3IW5;3IW7;3HEG;3FKN;3FKO;3FKL;1BL7;1BL6;2RG5;2BAK;2RG6;2OKR;2BAJ;4ZTH;5ML5;1YQJ;3HRB;4F9Y;4E5B;5N66;4E6C;4AA4;4AA5;4EH9;1ZZ2;3MVL;3MVM;4EH5;4EH4;3D83;4E5A;4EH3;4EH2;3MPA;3FL4;3MGY;3S3I;4L8M;3MPT;3HP5;1OZ1;4FA2;3NWW;4EH8;1W82;1W83;1W84;3MW1;3IW8;3GC7;3HP2;2GFS;3GI3;3OBJ;5XYY;3GCV;3GCU;2LGC;3GCQ;3GCP;3FLW;3IW6;3PG3;3FLS;3FLQ;3MH0;3MH1;3MH2;3MH3;3IPH;3FLZ;3FLY;6ANL;2YIX;5MZ3;4AA0;5XYX;3FLN;2YIS;3HA8;2YIW
1436,CSF1R,colony stimulating factor 1 receptor,True,True,True,False,352,Tclin,4HW7;3LCD;2OGV;4R7I;4R7H;3LCO
1445,CSK,C-terminal Src kinase,True,True,True,False,823,Tchem,3D7T;3D7U;1BYG
1452,CSNK1A1,casein kinase 1 alpha 1,True,True,True,False,40,Tchem,5FQD;6GZD
1453,CSNK1D,casein kinase 1 delta,True,True,True,False,19,Tchem,3UYS;4HGT;5W4W;6GZM;3UYT;4KB8;4TWC;5MQV;4TW9;4TN6;3UZP;5IH5;4KBA;4KBC;4HNF;5IH4;5OKT;5IH6;4KBK
1454,CSNK1E,casein kinase 1 epsilon,True,True,True,False,38,Tchem,4HNI;4HOK
1455,CSNK1G2,casein kinase 1 gamma 2,True,True,True,True,1,Tdark,2C47
1456,CSNK1G3,casein kinase 1 gamma 3,True,True,True,True,3,Tbio,2IZS;2IZR;2IZU;2IZT;4HGS;2CHL;4G16;4G17;4HGL;6GRO
1457,CSNK2A1,casein kinase 2 alpha 1,True,True,True,False,30,Tchem,6EII;4IB5;3BQC;5MP8;5CX9;5CQW;5OT5;5CQU;5OUM;5OUL;5OUE;3OWK;1NA7;5M44;3OWL;6EHK;5T1H;5OUU;5M4C;5M4F;5KU8;3MB6;3MB7;5M4I;5OSU;5OWH;5OTH;5OTI;5OTL;5OTO;3PE2;3PE1;3AT2;5OTZ;5OTP;5N9N;5OTR;5OTS;5MPJ;5CSP;5MOD;3RPS;5CSV;5OTD;4GRB;5CSH;3WIL;3WIK;5OTY;5ZN4;5OT6;5ONI;3H30;5OWL;6GIH;5ZN2;3Q04;5OTQ;1JWH;2ZJW;3AXW;6EHU;3U87;5B0X;5OMY;1PJK;3C13;5N9K;5N1V;5N9L;5MO8;5MO7;5MO6;5MO5;5CLP;3OWJ;5OQU;5CT0;5OYF;4RLL;3WOW;4GUB;5KWH;3U9C;5CTP;3WAR;2PVR;4NH1;3NSZ;3R0T;4DGL;5MOH;5ZN3;5MOE;5CS6;3Q9W;5CU6;5ZN5;5CU4;5CU3;5CU2;5ZN1;5CU0;5MOW;5MOV;5MOT;3Q9Z;3Q9Y;3Q9X;3NGA;3FWQ;4UBA;3AMY;4MD7;4MD9;4MD8;5OSL;6GMD;5H8B;5H8G;5H8E;5OSZ;4FBX;5OSP;5OSR;5CVF;5CVG;5NQC;3JUH;5CVH;5OS8;5OS7;3U4U;4KWP;3AT3;3AT4;5MMR;5ORJ;5ORK;5ORH;5MMF;4UB7;3W8L;3QA0
1459,CSNK2A2,casein kinase 2 alpha 2,True,True,True,True,12,Tchem,5YF9;3OFM;5YWM;5Y9M;5OOI;3E3B;5M4U;5M56
1606,DGKA,diacylglycerol kinase alpha,False,False,True,False,25,Tbio,
1607,DGKB,diacylglycerol kinase beta,False,False,True,False,22,Tbio,
1608,DGKG,diacylglycerol kinase gamma,False,False,True,False,7,Tbio,
1609,DGKQ,diacylglycerol kinase theta,False,False,True,False,9,Tbio,
1612,DAPK1,death associated protein kinase 1,True,True,True,False,228,Tchem,3GUB;1JKL;2YAK;1JKK;1JKT;3EHA;5AV2;4UV0;5AV4;1JKS;4YPD;3ZXT;5AUX;3F5U;2W4K;2W4J;2XUU;3GU4;5AUY;4TL0;5AUZ;3F5G;5AUU;5AUT;5AUW;3DGK;5AV0;4B4L;2XZS;2X0G;3GU8;1WVX;1WVY;4PF4;3GU5;1WVW;3GU7;2Y4P;3GU6;5AV1;3EH9;2Y0A;1IG1;4YO4;4TXC;5AV3;3DFC;1P4F;5AUV
1613,DAPK3,death associated protein kinase 3,True,True,True,False,35,Tchem,3BHY;5A6N;5A6O;1YRP;2J90;3BQR;5VJA
1760,DMPK,DM1 protein kinase,True,True,True,False,1192,Tchem,2VD5
1859,DYRK1A,dual specificity tyrosine phosphorylation regulated kinase 1A,True,True,True,False,271,Tchem,5A4L;5A4E;4NCT;4MQ2;4MQ1;5A4T;5A4Q;4AZE;5A3X;4YLJ;5AIK;4YU2;5A54;4YLL;3ANR;4YLK;3ANQ;6A1F;6A1G;6EJ4;2WO6;6EIP;6EIQ;6EIR;6EIS;6EIV;6EIF;6EIJ;6EIL;2VX3
1956,EGFR,epidermal growth factor receptor,True,True,True,False,26974,Tclin,2JIV;2JIU;2JIT;5CNO;4R5S;5HCZ;5HCX;5HCY;2GS6;2GS7;2GS2;4ZAU;5CAQ;3GOP;5CAV;5CAU;5CAO;5CAN;5CAL;2RFE;5EDR;5EDP;5EDQ;4WRG;4WD5;4G5J;5JEB;4HJO;5EM8;4G5P;5EM7;5EM6;4LL0;4JQ8;2EB3;2EB2;4JQ7;5UGC;5UGB;5UGA;3GT8;5D41;4R3R;4R3P;2J6M;5XDL;5XDK;4I23;4I22;4I21;4I20;4I24;5UWD;2J5F;2J5E;5CZH;5CZI;5CAS;4RIY;4RIX;5UG9;5UG8;4RIW;5XGM;3W2O;5ZWJ;5GTY;5GTZ;5C8K;5J9Z;5C8M;5C8N;5J9Y;5GMP;3W2P;3W2Q;3W2R;3W2S;5CAP;6D8E;2RF9;5YU9;5X2A;1XKK;5X2C;3BEL;2RGP;5X2F;5U8L;5X27;5X26;5X28;3UG1;5X2K;2RFD;3UG2;5Y9T;3LZB;4I1Z;5HG7;5HG5;5EM5;5HG8;5HG9;5XGN;3VJO;3VJN;4ZSE;5CNN;2ITZ;2ITY;2ITX;2ITW;2ITV;2ITU;2ITT;2ITQ;2ITP;2ITO;2ITN;4ZJV;4JRV;5HIC;5FED;5FEE;4TKS;4LRM;1M14;1M17;3IKA;5Y25;3W33;3W32;5FEQ;4JR3;5HIB;4RJ4;4RJ5;4RJ6;4RJ7;4LI5;4RJ8;5GNK;3POZ;4LQM;4WKQ
1969,EPHA2,EPH receptor A2,True,True,True,False,458,Tclin,5NKA;5NK8;5NK9;5NK4;5NK5;5NK6;5NK7;5NK0;5NK1;5NK2;5NK3;1MQB;4PDO;5NJZ;6FNH;5NKC;4P2K;4TRL;6FNF;6FNG;5I9U;5I9W;5I9V;5NKH;5NKI;5NKD;5EK7;5NKF;5NKG;5I9Y;5I9X;5NKB;5I9Z;5NKE;5IA5;5IA4;5IA1;5IA0;5IA3;5IA2
2011,MARK2,microtubule affinity regulating kinase 2,True,True,True,False,85,Tchem,3IEC;5KZ7;5EAK;5KZ8
2041,EPHA1,EPH receptor A1,True,True,True,False,83,Tchem,
2042,EPHA3,EPH receptor A3,True,True,True,False,102,Tchem,4TWO;4TWN;4G2F;2QO9;4P4C;2QO2;2QO7;2QOK;2QOI;2QON;2QOO;2QOL;2QOB;2QOC;2QOF;2QOD;3FXX;2QOQ;2GSF;4P5Q;4P5Z;3DZQ;4GK2;4GK3;3FY2;4GK4
2043,EPHA4,EPH receptor A4,True,True,True,False,215,Tchem,
2044,EPHA5,EPH receptor A5,True,True,True,False,70,Tchem,2R2P
2045,EPHA7,EPH receptor A7,True,True,True,False,70,Tchem,2REI;3DKO
2046,EPHA8,EPH receptor A8,True,True,True,False,16,Tchem,3KUL
2047,EPHB1,EPH receptor B1,True,True,True,False,69,Tchem,3ZFX;5MJB;5MJA
2048,EPHB2,EPH receptor B2,True,True,True,False,210,Tchem,3ZFM
2049,EPHB3,EPH receptor B3,True,True,True,False,63,Tchem,3ZFY;5L6P;5L6O
2050,EPHB4,EPH receptor B4,True,True,True,False,247,Tchem,2X9F;4BB4;6FNK;6FNI;3ZEW;2XVD;6FNL;6FNM;4AW5;2VWU;2YN8;2VWW;2VWV;2VWY;2VWX;2VWZ;2VX0;2VX1;6FNJ
2051,EPHB6,EPH receptor B6,True,True,True,False,40,Tchem,
2064,ERBB2,erb-b2 receptor tyrosine kinase 2,True,True,True,False,9219,Tclin,3PP0;3RCD
2065,ERBB3,erb-b2 receptor tyrosine kinase 3,True,True,True,False,797,Tchem,3KEX;4RIY;4RIX;4OTW;4RIW;3LMG
2066,ERBB4,erb-b2 receptor tyrosine kinase 4,True,True,True,False,608,Tclin,3BBT;3BBW;2R4B;3BCE
2081,ERN1,endoplasmic reticulum to nucleus signaling 1,True,True,True,False,423,Tchem,4YZ9;4Z7H;3P23;5HGI;4Z7G;4U6R;4YZC;4YZD
2185,PTK2B,protein tyrosine kinase 2 beta,True,True,True,False,123,Tchem,3FZP;3FZS;3FZR;3FZT;3H3C;4H1J;5TOB;4H1M;3ET7;3CC6;5TO8;3FZO
2241,FER,FER tyrosine kinase,True,True,True,False,731,Tchem,
2242,FES,"FES proto-oncogene, tyrosine kinase",True,True,True,False,2600,Tchem,3BKB;3CD3;3CBL;4E93
2260,FGFR1,fibroblast growth factor receptor 1,True,True,True,False,1439,Tclin,4WUN;4ZSA;3GQI;5FLF;5A4C;3KXX;5UQ0;4F64;4F65;4F63;4NKS;4UWB;4UWC;2FGI;3GQL;3C4F;5B7V;5O49;4NKA;5AM7;5AM6;4RWK;4RWJ;4RWI;3KY2;5ZV2;4RWL;1AGW;3JS2;5O4A;4NK9;5EW8;5UR1;4UWY;1FGI;1FGK;5Z0S;3RHX;3TT0;5VND;5A46;4V04;4V05;4V01
2261,FGFR3,fibroblast growth factor receptor 3,True,True,True,False,873,Tclin,4K33
2263,FGFR2,fibroblast growth factor receptor 2,True,True,True,False,1000,Tclin,5UGL;2PWL;2PSQ;5UGX;1GJO;1OEC;4J95;4J97;4J96;5UHN;4J99;2PZP;3RI1;2PVF;4J98;2PVY;2PZR;2PY3;3CLY;2Q0B;5EG3;5UI0;2PZ5;3B2T
2264,FGFR4,fibroblast growth factor receptor 4,True,True,True,False,300,Tclin,4TYG;4TYE;4QQC;4R6V;4XCU;5NWZ;4QQJ;4TYJ;4TYI;5NUD;4QQT;4QQ5;5XFJ;4QRC;5XFF;4UXQ;5JKG
2268,FGR,"FGR proto-oncogene, Src family tyrosine kinase",True,True,True,False,675,Tchem,
2321,FLT1,fms related tyrosine kinase 1,True,True,True,False,785,Tclin,3HNG
2322,FLT3,fms related tyrosine kinase 3,True,True,True,False,1965,Tclin,6IL3;4RT7;5X02;1RJB;4XUF
2324,FLT4,fms related tyrosine kinase 4,True,True,True,False,209,Tclin,
2444,FRK,fyn related Src family tyrosine kinase,True,True,True,False,66,Tchem,
2475,MTOR,mechanistic target of rapamycin kinase,True,True,True,False,17129,Tclin,4JSV;4JSP;4JSX;4JT6;4JT5;4JSN;5WBY;5WBU
2534,FYN,"FYN proto-oncogene, Src family tyrosine kinase",True,True,True,False,673,Tclin,2DQ7
2580,GAK,cyclin G associated kinase,True,True,True,False,80,Tchem,4O38;4C58;4C59;5Y80;4C57;5Y7Z;4Y8D
2645,GCK,glucokinase,False,False,True,False,407,Tchem,4ISE;4ISF;4ISG;3IDH;3H1V;3FR0;4DHY;3A0I;3VEV;4IXC;3GOI;3VEY;3FGU;3S41;5V4X;4NO7;4L3Q;5V4W;3F9M;3ID8;1V4T;4LC9;1V4S;4IWV;3IMX;4DCH;4MLH;3VF6;3QIC;4RCH;4MLE
2868,GRK4,G protein-coupled receptor kinase 4,True,True,True,False,38,Tchem,4YHJ
2869,GRK5,G protein-coupled receptor kinase 5,True,True,True,False,112,Tbio,4TND;4TNB
2870,GRK6,G protein-coupled receptor kinase 6,True,True,True,False,56,Tbio,3NYN;2ACX;3NYO
2872,MKNK2,MAP kinase interacting serine/threonine kinase 2,True,True,True,True,44,Tchem,2AC5;2AC3;6CJY;6CJW;6CJ5;6CK3;2HW7;6CKI;6CJH;6CJE;6CK6
2931,GSK3A,glycogen synthase kinase 3 alpha,True,True,True,False,27,Tclin,
2932,GSK3B,glycogen synthase kinase 3 beta,True,True,True,False,1847,Tclin,3SAY;6GN1;6B8J;3Q3B;5KPK;1Q3W;5KPM;4J1R;3ZRM;3F88;1GNG;1Q5K;4B7T;1Q3D;3F7Z;1Q41;5F94;5F95;5K5N;3ZDI;3M1S;2O5K;3SD0;3L1S;4NM5;4NM7;5T31;4NM0;4NM3;1I09;2JLD;5KPL;3I4B;5OY4;5HLP;4PTE;4DIT;1O9U;4PTC;1R0E;3ZRL;1Q4L;2OW3;5HLN;1J1B;1J1C;4J71;1PYX;4AFJ;4ACH;4PTG;3ZRK;3PUP;4IQ6;1H8F;3DU8;4ACC;4ACD;1UV5;3GB2;4ACG
2962,GTF2F1,general transcription factor IIF subunit 1,False,True,False,False,1,Tbio,1I27;2K7L;1F3U;1J2X;1NHA;1ONV
2984,GUCY2C,guanylate cyclase 2C,True,True,False,False,49,Tclin,
2986,GUCY2F,"guanylate cyclase 2F, retinal",True,True,False,False,5,Tbio,
3000,GUCY2D,"guanylate cyclase 2D, retinal",True,True,False,False,61,Tbio,
3055,HCK,"HCK proto-oncogene, Src family tyrosine kinase",True,True,True,False,196,Tclin,2HK5;2HCK;3VS6;3VS7;3VS4;3VS5;3VS2;3VS3;3VS0;3VS1;5H0H;5H0B;5H0G;5H0E;2C0I;3VRZ;2C0O;2C0T;3VRY;1QCF;5H09;1AD5;4LUE;4LUD;5ZJ6
3098,HK1,hexokinase 1,False,False,True,False,190,Tchem,4FOE;1HKB;1DGK;4F9O;1QHA;4FOI;1HKC;1CZA;4FPB;4FPA
3099,HK2,hexokinase 2,False,False,True,False,607,Tchem,5HFU;5HG1;5HEX;2NZT
3101,HK3,hexokinase 3,False,False,True,False,24,Tbio,3HM8
3480,IGF1R,insulin like growth factor 1 receptor,True,True,True,False,2237,Tclin,5FXQ;1JQH;5FXR;3NW6;3NW7;3NW5;3F5P;3QQU;3O23;2ZM3;1M7N;3LW0;3I81;1K3A;5FXS;5HZN;4D2R;3D94;3LVP;1P4O;2OJ9
3551,IKBKB,inhibitor of nuclear factor kappa B kinase subunit beta,True,True,True,False,1460,Tchem,4KIK;4E3C
3611,ILK,integrin linked kinase,True,True,True,False,510,Tchem,3KMU;3REP;3KMW;6MIB
3643,INSR,insulin receptor,True,True,True,False,527,Tclin,4IBM;1IR3;3ETA;2Z8C;3BU3;5E1S;4XLV;2B4S;3EKK;1RQQ;1GAG;3BU6;3EKN;1P14;5HHW;1IRK;2AUH;3BU5;1I44
3645,INSRR,insulin receptor related receptor,True,True,True,False,16,Tchem,
3654,IRAK1,interleukin 1 receptor associated kinase 1,True,True,True,False,419,Tchem,6BFN
3656,IRAK2,interleukin 1 receptor associated kinase 2,True,True,True,False,482,Tbio,
3702,ITK,IL2 inducible T cell kinase,True,True,True,False,296,Tclin,3QGY;4L7S;3QGW;1SM2;4M0Y;4PQN;4M0Z;3V8T;4PP9;4QD6;4MF1;4MF0;4HCU;4HCT;4HCV;4M12;4M13;1SNX;4M15;1SNU;3V5L;3MIY;4M14;3V5J;3T9T;4RFM;3MJ2;3MJ1;4PPA;4PPB;4PPC;3V8W;4KIO
3716,JAK1,Janus kinase 1,True,True,True,False,1099,Tclin,5KHX;4E4L;5KHW;4EHZ;6DBN;6C7Y;3EYG;6ELR;4E5W;3EYH;6AAH;4EI4;4IVD;4IVC;4IVB;4L01;4K6Z;6BBU;4I5C;4K77;5HX8;4FK6;4L00;5WO4;4E4N;5E1E
3717,JAK2,Janus kinase 2,True,True,True,False,3915,Tclin,3TJC;4YTC;5CF6;6BRW;4F08;3TJD;4GMY;5CF8;3LPB;3FUP;6BBV;3IO7;5USY;3E62;3E63;4YTF;3KRR;3E64;5L3A;4JI9;4YTH;5HEZ;5WEV;5TQ4;5TQ5;5TQ6;5TQ7;5CF4;3RVG;5TQ3;5I4N;4YTI;4F09;5TQ8;6BS0;3UGC;3JY9;4HGE;6DRW;4C61;6AAJ;4C62;5AEP;4E4M;4D1S;4IVA;3ZMM;4BBE;4BBF;4E6D;4GFM;6BSS;6M9H;4AQC;5USZ;4ZIM;4JIA;2W1I;4FVP;4FVQ;4FVR;3KCK;4E6Q;4D0W;2B7A;5UT2;5UT3;5UT0;5UT1;5UT6;5UT4;5UT5;2XA4;3IOK;5CF5;4D0X;3Q32;4P7E;5WIN;5WIM;5WIL;5WIK;5WIJ
3718,JAK3,Janus kinase 3,True,True,True,False,512,Tclin,5TTS;3ZC6;5TTV;4I6Q;6GL9;1YVJ;5VO6;6DA4;4QT1;4HVH;4HVI;3PJC;6DUD;4V0G;4HVG;4HVD;5LWN;5LWM;6AAK;5W86;5TOZ;5TTU;4Z16;6DB4;4RIO;6DB3;6GLA;6GLB;3ZEP;4QPS;5WFJ;3LXK;3LXL
3791,KDR,kinase insert domain receptor,True,True,True,False,1775,Tclin,3EWH;4AG8;3B8R;3WZD;3WZE;3VHE;3CPB;3CPC;1VR2;3VO3;3VID;2RL5;5EW3;1Y6A;1Y6B;3BE2;4ASD;4ASE;3CJF;3CJG;1YWN;6GQP;3VNT;3DTW;3VHK;3CP9;2P2H;2P2I;3B8Q;4AGD;2QU5;2QU6;3C7Q;4AGC;3U6J;2OH4;3EFL;2XIR
3815,KIT,KIT proto-oncogene receptor tyrosine kinase,True,True,True,False,22304,Tclin,4HVS;6GQL;6GQM;6GQJ;1PKG
3932,LCK,"LCK proto-oncogene, Src family tyrosine kinase",True,True,True,False,463,Tclin,4C3F;3BYU;2OF4;2ZM4;3MPM;2ZM1;3BYS;3BYM;3BYO;1WA7;3AD5;3AD6;2OG8;3ACK;3ACJ;2ZYB;2OFV;2OFU;1QPD;1QPE;1QPC;1QPJ;3AC5;2OF2;3KXZ;3AC1;3AC3;3AC2;3AC8;3AC4;2PL0;3KMM;3AD4;3B2W;3LCK
3984,LIMK1,LIM domain kinase 1,True,True,True,False,220,Tchem,5NXC;3S95;5L6W;5HVK;5HVJ
3985,LIMK2,LIM domain kinase 2,True,True,True,False,71,Tchem,4TPT;5NXD
4058,LTK,leukocyte receptor tyrosine kinase,True,True,True,True,34,Tchem,
4067,LYN,"LYN proto-oncogene, Src family tyrosine kinase",True,True,True,False,775,Tclin,5XY1;3A4O
4117,MAK,male germ cell associated kinase,True,True,True,False,3065,Tchem,
4139,MARK1,microtubule affinity regulating kinase 1,True,True,True,True,31,Tchem,6C9D;2HAK
4140,MARK3,microtubule affinity regulating kinase 3,True,True,True,True,24,Tchem,3FE3;2QNJ
4145,MATK,megakaryocyte-associated tyrosine kinase,True,True,True,False,402,Tdark,
4214,MAP3K1,mitogen-activated protein kinase kinase kinase 1,True,True,True,False,134,Tbio,
4215,MAP3K3,mitogen-activated protein kinase kinase kinase 3,True,True,True,False,47,Tchem,
4216,MAP3K4,mitogen-activated protein kinase kinase kinase 4,True,True,True,False,24,Tbio,
4217,MAP3K5,mitogen-activated protein kinase kinase kinase 5,True,True,True,False,218,Tchem,4BF2;5V19;6E2O;5UOR;6E2M;4BHN;5V24;2CLQ;5UOX;5VIL;4BIE;4BID;6E2N;5VIO;3VW6;5UP3;4BIC;4BIB
4233,MET,"MET proto-oncogene, receptor tyrosine kinase",True,True,True,False,68759,Tclin,3CTJ;2WGJ;4R1V;1R1W;4XMO;5HO6;4R1Y;3CTH;3ZXZ;2WKM;3VW8;3F82;5HOA;5UAD;3I5N;2WD1;3CD8;5T3Q;3DKF;5YA5;4KNB;3QTI;3CCN;3ZC5;5UAB;5HOR;4GG5;3LQ8;2G15;3ZZE;5UAF;3ZBX;3A4P;5EYC;5EYD;4MXC;3L8V;5HLW;2RFS;1R0P;3ZCL;4EEV;3DKC;2RFN;3CE3;3DKG;4AOI;3Q6W;3R7O;3Q6U;3C1X;5EOB;4IWD;4DEG;4AP7;4DEI;4DEH;5HNI;4XYF;4GG7;3F66;3RHK;3EFJ;3EFK;3U6H;3U6I;5DG5;5HTI
4293,MAP3K9,mitogen-activated protein kinase kinase kinase 9,True,True,True,False,17,Tchem,4UY9;3DTC
4294,MAP3K10,mitogen-activated protein kinase kinase kinase 10,True,True,True,True,17,Tchem,
4296,MAP3K11,mitogen-activated protein kinase kinase kinase 11,True,True,True,False,14,Tchem,
4342,MOS,"MOS proto-oncogene, serine/threonine kinase",True,True,True,False,2526,Tbio,
4486,MST1R,macrophage stimulating 1 receptor,True,True,True,False,42,Tchem,3PLS
4593,MUSK,muscle associated receptor tyrosine kinase,True,True,True,False,1101,Tchem,
4638,MYLK,myosin light chain kinase,True,True,True,False,86,Tchem,
4750,NEK1,NIMA related kinase 1,True,True,True,True,42,Tchem,4B9D;4APC
4751,NEK2,NIMA related kinase 2,True,True,True,False,140,Tchem,2XK7;2XK6;2XK4;2XK3;2XK8;2XNM;2XNN;2XNO;4AFE;4A4X;2XNP;2WQO;6H0O;2XKC;2XKF;2XKE;2XKD;2W5B;2W5A;2JAV;2W5H;5M55;5M57;5M51;5M53
4752,NEK3,NIMA related kinase 3,True,True,True,True,4,Tbio,
4881,NPR1,natriuretic peptide receptor 1,True,True,False,False,303,Tclin,
4882,NPR2,natriuretic peptide receptor 2,True,True,False,False,113,Tbio,
4914,NTRK1,neurotrophic receptor tyrosine kinase 1,True,True,True,False,224,Tclin,4AOJ;4YPS;6DKB;6D1Y;6D1Z;5I8A;6D20;6D22;5JFX;5JFW;5JFV;5JFS;4YNE;5H3Q;5KMO;5KMN;5KMM;5KML;5KMK;5KMJ;5KMI;6DKI;6DKG;4PMT;4PMS;5WR7;5KVT;4PMP;4PMM;4F0I;6DKW;4GT5
4915,NTRK2,neurotrophic receptor tyrosine kinase 2,True,True,True,False,191,Tchem,4AT5;4AT4;4ASZ;4AT3
4916,NTRK3,neurotrophic receptor tyrosine kinase 3,True,True,True,False,229,Tchem,4YMJ;3V5Q
4919,ROR1,receptor tyrosine kinase like orphan receptor 1,True,True,True,False,136,Tbio,
4920,ROR2,receptor tyrosine kinase like orphan receptor 2,True,True,True,False,204,Tbio,
4921,DDR2,discoidin domain receptor tyrosine kinase 2,True,True,True,False,203,Tchem,6FER
5058,PAK1,p21 (RAC1) activated kinase 1,True,True,True,False,531,Tchem,4ZJI;4ZJJ;4EQC;4O0T;4O0R;5DFP;4ZLO;5KBQ;5DEY;5IME;1F3M;5DEW;2HY8;6B16;4DAW;1YHV;3FXZ;4ZY6;3Q4Z;4ZY5;4P90;1YHW;3Q53;3Q52;4ZY4;3FY0;5KBR
5062,PAK2,p21 (RAC1) activated kinase 2,True,True,True,False,128,Tchem,
5063,PAK3,p21 (RAC1) activated kinase 3,True,True,True,True,51,Tchem,6FD3
5127,CDK16,cyclin dependent kinase 16,True,True,True,True,21,Tchem,3MTL;5G6V
5128,CDK17,cyclin dependent kinase 17,True,True,True,True,2,Tdark,
5129,CDK18,cyclin dependent kinase 18,True,True,True,True,12,Tchem,
5156,PDGFRA,platelet derived growth factor receptor alpha,True,True,True,False,929,Tclin,5GRN;5K5X
5159,PDGFRB,platelet derived growth factor receptor beta,True,True,True,False,1383,Tclin,
5163,PDK1,pyruvate dehydrogenase kinase 1,True,True,True,False,710,Tchem,2Q8H;2Q8G;2Q8F
5164,PDK2,pyruvate dehydrogenase kinase 2,True,True,True,False,54,Tchem,4MPN;2BTZ;2BU8;2BU7;2BU6;2BU5;5M4N;2BU2;4MPC;5J71;4MPE;5M4P;4V25;4V26;5M4K;4MP7;5M4M;5J6A;4MP2
5165,PDK3,pyruvate dehydrogenase kinase 3,True,True,True,False,18,Tbio,1Y8N;1Y8O;2PNR;2Q8I;1Y8P
5166,PDK4,pyruvate dehydrogenase kinase 4,True,True,True,False,264,Tbio,3D2R;2ZKJ;2ZDX;2ZDY;2E0A
5170,PDPK1,3-phosphoinositide dependent protein kinase 1,True,True,True,False,138,Tchem,4XX9;2BIY;1Z5M;3QCQ;4CT1;3QCS;5LVN;5MRD;3QCY;3QCX;5HO7;3NAX;1H1W;3OTU;3H9O;5LVP;5LVM;1UVR;5LVL;3QD0;3NUU;1UU3;3QD3;3QD4;5LVO;1UU7;3NUS;1UU9;1UU8;4A06;3NUY;2PE1;2PE0;2PE2;4AW0;4AW1;3ION;3NUN;4RQK;1OKY;1OKZ;5ACK;4A07;3QC4;2R7B;5HNG;4RQV;5HO8;5HKM;3HRF;3SC1;3HRC;3NAY;3IOP;3ORX;4CT2;3ORZ;3RCJ;2XCK;3RWP;2XCH;3PWY;4RRV;3RWQ
5218,CDK14,cyclin dependent kinase 14,True,True,True,True,32,Tchem,
5260,PHKG1,phosphorylase kinase catalytic subunit gamma 1,True,True,True,True,5,Tchem,
5261,PHKG2,phosphorylase kinase catalytic subunit gamma 2,True,True,True,True,14,Tchem,2Y7J
5286,PIK3C2A,phosphatidylinositol-4-phosphate 3-kinase catalytic subunit type 2 alpha,False,False,True,False,37,Tchem,
5287,PIK3C2B,phosphatidylinositol-4-phosphate 3-kinase catalytic subunit type 2 beta,False,False,True,True,29,Tchem,
5288,PIK3C2G,phosphatidylinositol-4-phosphate 3-kinase catalytic subunit type 2 gamma,False,False,True,True,12,Tchem,
5289,PIK3C3,phosphatidylinositol 3-kinase catalytic subunit type 3,False,False,True,False,104,Tchem,4UWF;4UWG;4UWH;5ENN;4UWK;4UWL;4PH4;3IHY;4OYS;3LS8;5ANL
5290,PIK3CA,"phosphatidylinositol-4,5-bisphosphate 3-kinase catalytic subunit alpha",False,False,True,False,2787,Tclin,5ITD;5UK8;4YKN;5SX9;5UL1;4L2Y;4TV3;4JPS;5SW8;5UKJ;2RD0;5SXA;5SXB;5SXC;5SXD;5SXE;4TUU;5SWT;3HHM;5SXI;5SXJ;5SXK;5UBR;4ZOP;4L1B;5SX8;3ZIM;5DXT;5SWP;5SWR;5SWO;5SXF;5DXH;5SWG;4OVU;4OVV;4WAF;3HIZ;4L23;5FI4;5XGJ;5XGH;5XGI
5291,PIK3CB,"phosphatidylinositol-4,5-bisphosphate 3-kinase catalytic subunit beta",False,False,True,False,337,Tchem,
5292,PIM1,"Pim-1 proto-oncogene, serine/threonine kinase",True,True,True,False,270,Tchem,3MA3;2XJ2;3BGQ;4RC3;4RC2;2BIK;2BIL;5N5L;5N5M;5DHJ;4MBL;3JYA;3A99;3WE8;3CY3;3CY2;5NDT;2BZJ;2BZK;2BZH;4IAA;4RC4;5DIA;4WRS;6AYD;2XJ0;2XJ1;3BGP;3T9I;3UIX;3BGZ;4MBI;5KCX;5N52;5N50;5N51;4XHK;5O13;5O12;5O11;2C3I;1YXV;1YXT;1YXU;1YXS;3F2A;1YXX;5N4R;5TEL;4LMU;3UMX;3UMW;4WT6;3DCV;4N6Y;5TEX;4N6Z;4AS0;4JX3;3VBV;4JX7;1YI4;4ALU;4ALW;4ALV;5N4U;4LM5;5N4V;5N4Y;5N4X;5N4Z;4DTK;5N4O;5N4N;4A7C;3JPV;3JXW;1XWS;4RPV;5KGG;3R04;5DWR;3R02;3R01;3R00;3VBY;3VBX;2OBJ;3VBQ;4K1B;3VBT;3VBW;4LL5;4MED;3QF9;4MTA;5IIS;3VC4;6BSK;4XH6;4WSY;5MZL;5TUR;1XQZ;1YHS;5C1Q;4K18;2O3P;5KGE;5KGD;1YI3;2XIY;2XIX;4TY1;2XIZ;5IPJ;2BZI;5KGI;5KGK;2O63;2O65;2O64;5VUB;4BZN;4BZO;5EOL;3BWF;3CXW;4ENY;4ENX;3JY0;4GW8;3C4E;4RBL;2OI4;4N70;2J2I;4K0Y;1YWV;5TOE;5DGZ;5V80;5V82;1XR1;5VUC;5VUA;4I41;5KZI
5293,PIK3CD,"phosphatidylinositol-4,5-bisphosphate 3-kinase catalytic subunit delta",False,False,True,False,210,Tdark,5UBT;5T8F;5DXU;5M6U;5VLR;6G6W
5294,PIK3CG,"phosphatidylinositol-4,5-bisphosphate 3-kinase catalytic subunit gamma",False,False,True,False,125,Tchem,3QK0;3ENE;3L08;3T8M;3IBE;4FHJ;4FHK;4F1S;3MJW;4DK5;4FLH;4PS8;5EDS;3ZVV;4PS3;4PS7;4ANX;4ANW;4ANV;4ANU;3LJ3;2A5U;3PRZ;5G55;3APD;3APF;3APC;3PRE;4FA6;4WWN;4WWO;3PS6;4WWP;4HVB;4EZL;4EZK;4EZJ;4GB9;4HLE;3R7R;3R7Q;4J6I;3ML8;4FAD;3L54;3TL5;3DPD;6GQ7;3NZS;3NZU;4XX5;5T23;3TJP;4G11;5JHA;6C1S;5JHB;4KZ0;1E8Z;1E8Y;2A4Z;5OQ4;4KZC;3DBS;6AUD;2CHW;2CHX;2CHZ;4AOF;3ML9;4FJY;4FJZ;2V4L;4FUL;3OAW;3QAR;3QAQ;5G2N;3QJZ;3P2B;3SD5;1HE8;3S2A;3CST;4URK;3CSF;3L16;3L17;3L13;3ZW3;4XZ4;5KAE
5297,PI4KA,phosphatidylinositol 4-kinase alpha,False,False,True,True,27,Tchem,
5298,PI4KB,phosphatidylinositol 4-kinase beta,False,False,True,False,33,Tchem,4D0L;4D0M;4WAG;5EUQ;5FBL;4WAE;5FBW;5FBV;5FBR;5FBQ;5C46;5C4G;6GL3
5347,PLK1,polo like kinase 1,True,True,True,False,854,Tchem,5TA6;4A4L;4A4O;2YAC;2RKU;2OU7;2V5Q;3THB;3FC2;4J53;3KB7;2OWB;4J52;5TA8
5562,PRKAA1,protein kinase AMP-activated catalytic subunit alpha 1,True,True,True,False,156,Tchem,6C9J;6C9H;4WSQ;6C9F;4RED;6C9G;5L4Q;5TE0;4RER;4REW
5563,PRKAA2,protein kinase AMP-activated catalytic subunit alpha 2,True,True,True,False,90,Tchem,2YZA;6B1U;2H6D;4CFE;4ZHX;4CFF;6B2E;5ISO;3AQV;6BX6
5566,PRKACA,protein kinase cAMP-activated catalytic subunit alpha,True,True,True,False,138,Tchem,5J5X;5UZK;4AE6;4UJ2;4UJ1;3AMB;3AMA;4AE9;2GU8;3L9N;3L9L;3L9M;3OXT;5BX6;3AGM;3AGL;3OWP;5N23;5BX7;5IZF;5IZJ;3P0M;4UJ9;4WB5;3OOG;4WB7;4WB6;6C0U;3NX8;3OVV;3MVJ;4UJB;4UJA;3POO;3VQH;4WB8
5567,PRKACB,protein kinase cAMP-activated catalytic subunit beta,True,True,True,True,36,Tchem,
5568,PRKACG,protein kinase cAMP-activated catalytic subunit gamma,True,True,True,True,9,Tbio,
5578,PRKCA,protein kinase C alpha,True,True,True,False,225,Tbio,4RA4;3IW4
5579,PRKCB,protein kinase C beta,True,True,True,False,73,Tchem,2I0E
5580,PRKCD,protein kinase C delta,True,True,True,False,154,Tclin,
5581,PRKCE,protein kinase C epsilon,True,True,True,False,109,Tchem,
5582,PRKCG,protein kinase C gamma,True,True,True,False,137,Tchem,
5583,PRKCH,protein kinase C eta,True,True,True,False,29,Tchem,3TXO
5584,PRKCI,protein kinase C iota,True,True,True,False,35,Tchem,3A8W;5LI1;3A8X;5LI9;3ZH8;5LIH;1ZRZ
5585,PKN1,protein kinase N1,True,True,True,False,29,Tchem,4OTI;4OTH;4OTG;4OTD
5586,PKN2,protein kinase N2,True,True,True,False,19,Tdark,4CRS
5587,PRKD1,protein kinase D1,True,True,True,False,46,Tchem,
5588,PRKCQ,protein kinase C theta,True,True,True,True,152,Tchem,4RA5;1XJD;2JED;4Q9Z;5F9E
5590,PRKCZ,protein kinase C zeta,True,True,True,False,37,Tchem,
5591,PRKDC,"protein kinase, DNA-activated, catalytic polypeptide",True,True,True,False,354,Tchem,
5592,PRKG1,protein kinase cGMP-dependent 1,True,True,True,False,71,Tchem,6C0T;6BG2;6BDL
5593,PRKG2,protein kinase cGMP-dependent 2,True,True,True,False,29,Tchem,
5594,MAPK1,mitogen-activated protein kinase 1,True,True,True,False,1339,Tdark,1TVO;6GDM;6GDQ;3I60;3TEI;4ZXT;4G6N;4N0S;5BVE;4QP1;4QP3;4QP2;4QP4;4QP7;4QP6;4QP9;4QP8;5V62;5V61;5V60;4G6O;4NIF;6G9K;1WZY;5LCJ;5LCK;2Y9Q;5WP1;6GJD;4H3Q;4H3P;2OJG;2OJJ;2OJI;5NHV;5NHP;4IZ7;3W55;5AX3;5NHF;4FV8;4FV9;4FV4;4FV5;4FV6;4FV7;4FV0;4FV1;4FV2;5NHJ;4QPA;5K4I;5NHL;5NHO;5NHH;3SA0;4FV3;4FMQ;5BUE;5BUJ;5BUI;4FUY;4FUX;3I5Z;6G8X;4XJ0;4IZA;4O6E;6G97;6G92;6G93;6G91;5BVF;6G9D;5BVD;6G9A;6G9N;6GE0;6G9M;6G9J;1PME;6G9H;4ZZM;4ZZN;4ZZO;4QTE;4QTA;4IZ5;5NGU;6GJB;6DMG
5595,MAPK3,mitogen-activated protein kinase 3,True,True,True,False,203,Tbio,2ZOQ;4QTB
5596,MAPK4,mitogen-activated protein kinase 4,True,True,True,True,15,Tbio,
5597,MAPK6,mitogen-activated protein kinase 6,True,True,True,False,67,Tbio,2I6L
5598,MAPK7,mitogen-activated protein kinase 7,True,True,True,False,98,Tbio,4ZSG;4IC7;4IC8;4ZSL;4ZSJ;4B99;5BYY;5O7I;5BYZ
5599,MAPK8,mitogen-activated protein kinase 8,True,True,True,False,426,Tdark,3PZE;4YR8;1UKI;1UKH;3O2M;2H96;2NO3;3ELJ;2GMX;3O17;4IZY;4UX9;5LW1;4E73;3V3V;6F5E;4AWI;4L7F;4QTD;2XS0;3VUL;3VUM;3VUH;3VUI;3VUK;3VUD;3VUG;4G1W;4HYS;2XRW;2G01;4HYU
5600,MAPK11,mitogen-activated protein kinase 11,True,True,True,False,29,Tchem,3GP0;3GC9;3GC8
5601,MAPK9,mitogen-activated protein kinase 9,True,True,True,False,34,Tchem,3NPC;3E7O
5602,MAPK10,mitogen-activated protein kinase 10,True,True,True,False,40,Tchem,3OXI;3V6S;3V6R;2WAJ;2ZDT;3CGO;4Y46;3TTI;3TTJ;3CGF;3FV8;4H36;3G9L;4W4Y;3G9N;2EXC;4WHZ;6EKD;4W4W;4W4V;3PTG;1PMU;3DA6;2ZDU;2OK1;4U79;1JNK;3RTP;1PMN;2R9S;4Z9L;3FI2;3FI3;4X21;6EQ9;4W4X;2P33;4KKE;3OY1;3G90;1PMV;2O0U;4H39;4Y5H;6EMH;4KKH;4KKG;4H3B;2B1P;2O2U;3KVX
5603,MAPK13,mitogen-activated protein kinase 13,True,True,True,False,34,Tchem,5EKO;5EKN;4YNO;3COI;4EYJ;4MYG;4EYM
5604,MAP2K1,mitogen-activated protein kinase kinase 1,True,True,True,False,495,Tdark,4ARK;3EQI;3EQH;3EQC;3EQB;3EQG;3EQF;3E8N;3EQD;3ZLY;3ZLX;5BX0;3ZLS;3OS3;3ZLW;4U80;1S9J;4U81;3WIG;3MBL;3DV3;4AN9;3ZM4;3VVH;4LMN;2P55;5EYM;4ANB;5HZE;3PP1;3DY7;4U7Z;3V01;3W8Q;5YT3;3V04;4AN3;4AN2;4MNE;3ORN
5605,MAP2K2,mitogen-activated protein kinase kinase 2,True,True,True,False,197,Tclin,1S9I
5606,MAP2K3,mitogen-activated protein kinase kinase 3,True,True,True,False,74,Tchem,
5607,MAP2K5,mitogen-activated protein kinase kinase 5,True,True,True,False,73,Tchem,
5608,MAP2K6,mitogen-activated protein kinase kinase 6,True,True,True,False,74,Tchem,3FME;3VN9;3ENM
5609,MAP2K7,mitogen-activated protein kinase kinase 7,True,True,True,False,61,Tchem,5B2K;3WZU;2DYL;5B2M;5B2L;5Y8U;5Y90;5Z1D;5Z1E
5610,EIF2AK2,eukaryotic translation initiation factor 2 alpha kinase 2,True,True,True,False,74,Tbio,2A19;3UIU;2A1A
5613,PRKX,"protein kinase, X-linked",True,True,True,False,20,Tchem,
5616,PRKY,"protein kinase, Y-linked, pseudogene",True,True,True,False,4,Tdark,
5681,PSKH1,protein serine kinase H1,True,True,True,True,1,Tdark,
5747,PTK2,protein tyrosine kinase 2,True,True,True,False,769,Tdark,4I4E;1MP8;4I4F;3PXK;4KAO;4EBW;4EBV;4KAB;2IJM;4Q9S;2ETM;4GU9;4K8A;3BZ3;4K9Y;4GU6
5753,PTK6,protein tyrosine kinase 6,True,True,True,False,74,Tchem,5D7V;5DA3;5H2U;6CZ4;6CZ3;6CZ2
5754,PTK7,protein tyrosine kinase 7 (inactive),True,True,False,False,94,Tbio,
5871,MAP4K2,mitogen-activated protein kinase kinase kinase kinase 2,True,True,True,False,8,Tchem,
5891,MOK,MOK protein kinase,True,True,True,False,1758,Tbio,
5894,RAF1,"Raf-1 proto-oncogene, serine/threonine kinase",True,True,True,False,349,Tclin,3OMV
5979,RET,ret proto-oncogene,True,True,True,False,2578,Tclin,2X2L;2X2M;5FM2;5FM3;2X2K;4CKJ;4CKI;2IVU;2IVT;2IVV;6FEK;2IVS;5AMN
6011,GRK1,G protein-coupled receptor kinase 1,True,True,True,False,52,Tchem,
6041,RNASEL,ribonuclease L,True,True,True,True,48,Tchem,4OAU;4OAV
6046,BRD2,bromodomain containing 2,True,True,False,False,184,Tchem,4A9N;4A9O;5DFC;4A9M;4A9J;4UYG;4A9H;4A9I;5HEL;5HEM;4UYH;4A9E;5O3A;4J1P;5O3C;5O3B;2G4A;5XHK;5DFB;5O3F;5U5S;4UYF;4AKN;5DFD;2YDW;5U6V;4A9F;2DVV;2DVQ;2DVR;2DVS;5BT5;5O39;5O3E;5HEN;5O38;5O3I;5N2L;5IBN;4QEU;3AQA;2E3K;4ALG;5XHE;5O3D;5HFQ;4ALH;5O3H;4MR6;3ONI;5DW1;4MR5;5IG6;5EK9;4QEV;4QEW;5O3G;2YEK;5UEW;1X0J
6093,ROCK1,Rho associated coiled-coil containing protein kinase 1,True,True,True,False,653,Tclin,5UZJ;4YVE;4YVC;4W7P;2V55;6E9W;5WNF;5WNG;5WNE;5BML;2ETK;3NCZ;3NDM;5WNH;2ETR;3D9V;3TWJ;3TV7;3V8S;5HVU;5KKS;5KKT;2ESM
6098,ROS1,"ROS proto-oncogene 1, receptor tyrosine kinase",True,True,True,False,797,Tchem,4UXL;3ZBF
6195,RPS6KA1,ribosomal protein S6 kinase A1,True,True,True,False,136,Tchem,2Z7Q;2Z7S;2Z7R;3RNY;2WNT;4NIF
6196,RPS6KA2,ribosomal protein S6 kinase A2,True,True,True,False,21,Tchem,
6197,RPS6KA3,ribosomal protein S6 kinase A3,True,True,True,False,47,Tchem,4D9U;4D9T;5D9L;4NW6;4NW5;4JG8;5D9K;4JG7;4JG6;4NUS
6198,RPS6KB1,ribosomal protein S6 kinase B1,True,True,True,False,73,Tchem,4L3L;4L45;4RLP;4L3J;3A62;3A60;3A61;4RLO;3WF5;3WF6;3WF7;3WF8;3WF9;4L42;4L43;4L44;3WE4;4L46
6199,RPS6KB2,ribosomal protein S6 kinase B2,True,True,True,False,14,Tbio,
6259,RYK,receptor-like tyrosine kinase,True,True,True,False,88,Tbio,
6300,MAPK12,mitogen-activated protein kinase 12,True,True,True,False,20,Tchem,1CM8
6416,MAP2K4,mitogen-activated protein kinase kinase 4,True,True,True,False,112,Tchem,3VUT;3ALN;3ALO
6446,SGK1,serum/glucocorticoid regulated kinase 1,True,True,True,False,405,Tchem,2R5T;3HDM;3HDN
6714,SRC,"SRC proto-oncogene, non-receptor tyrosine kinase",True,True,True,False,8184,Tclin,1KSW;2BDJ;4MXO;4K11;2BDF;4MXX;2SRC;1Y57;2H8H;1YI6;1FMK;1YOM;1YOL;4MXY;1YOJ;4MXZ
6725,SRMS,src-related kinase lacking C-terminal regulatory tyrosine and N-terminal myristylation sites,True,True,True,False,327,Tchem,
6732,SRPK1,SRSF protein kinase 1,True,True,True,False,88,Tchem,1WAK;5XV7;5MXX;1WBP
6733,SRPK2,SRSF protein kinase 2,True,True,True,False,22,Tchem,2X7G;5MYV
6787,NEK4,NIMA related kinase 4,True,True,True,True,9,Tbio,
6788,STK3,serine/threonine kinase 3,True,True,True,True,69,Tchem,6AO5;5DH3;4LG4;4LGD
6789,STK4,serine/threonine kinase 4,True,True,True,False,108,Tchem,3COM
6790,AURKA,aurora kinase A,True,True,True,False,847,Tchem,4O0W;4O0U;3H0Z;4O0S;3COH;3O51;3O50;2C6E;2C6D;3W16;3W10;3W18;2NP8;5EW9;2WQE;2J4Z;3QBN;5ODT;2W1C;3H0Y;2W1G;2W1D;2W1E;5ONE;4J8N;3EFW;4J8M;3P9J;5LXM;4PRJ;1OL5;1OL6;1OL7;5DPV;2J50;3K5U;4JAI;3E5A;4BYJ;5DR9;5DRD;5DR6;5DR2;4BYI;4JAJ;4BN1;5L8L;5L8K;5L8J;5DOS;3VAP;3M11;4UZH;4DEB;4DEA;4DEE;4DED;2XRU;4DHF;4CEG;3NRM;3W2C;2BMC;6CPE;6CPG;6CPF;1MUO;2XNE;2XNG;5DT3;5DT0;5DT4;2X81;4ZTR;4ZTS;4ZTQ;3R21;3UNZ;5DNR;5DN3;5OBR;3FDN;4JBO;4UYN;3R22;6HJJ;6HJK;4JBP;4JBQ;2WTW;2WTV;5OBJ;5G15;4C3R;4C3P;5ORR;3HA6;5OSE;5OSD;5OSF;3MYG;5ORP;3UO5;3UO4;3UO6;4B0G;3UOD;4UZD;3UOL;5G1X;3UOH;3UOK;3UOJ;5AAE;5AAD;5AAG;5AAF;5OS5;5OS4;5OS6;5OS1;5OS0;5OS3;5OS2;2DWB;1MQ4;3UP2;3LAU;5ORN;5ORO;5ORL;3UP7;2X6D;5ORS;3H10;5ORV;5ORW;5ORT;4ZS0;5ORZ;2W1F;5ORX;5ORY;2X6E
6792,CDKL5,cyclin dependent kinase like 5,True,True,True,True,178,Tchem,4BGQ
6793,STK10,serine/threonine kinase 10,True,True,True,False,9,Tchem,5OWQ;6GTT;5OWR;6I2Y;5AJQ;4BC6;6HXF;4USD;4USE;4AOT;2J7T;6EIM;4EQU
6794,STK11,serine/threonine kinase 11,True,True,True,False,782,Tchem,2WTK
6795,AURKC,aurora kinase C,True,True,True,False,45,Tchem,
6850,SYK,spleen associated tyrosine kinase,True,True,True,False,1356,Tchem,5C26;5C27;6HM6;4XG3;4PX6;5TT7;4PUZ;4FYO;4FYN;5LMA;4YJO;5LMB;4DFN;4YJT;4DFL;3FQE;3FQH;5TIU;4RX8;4RX9;4YJV;3FQS;3SRV;4I0S;4I0R;4RSS;4I0T;4WNM;5CXZ;4GFG;3EMG;4PV0;4FZ6;4FZ7;3TUB;3TUC;4XG7;4XG6;3TUD;4XG2;4YJS;4YJR;4YJQ;4YJP;4XG9;4XG8;4YJU;4RX7;5CY3;5Y5U;5Y5T;6HM7;4XG4;5CXH;5TR6;1XBA;5GHV;1XBC;1XBB;4FL2;4FL3;4FL1;5T68;4F4P;3VF9;3VF8
6872,TAF1,TATA-box binding protein associated factor 1,True,True,True,False,72,Tbio,3AAD;5MG2;3UV4;3UV5;6FIC;4YYM;5I1Q;5I29;4YYN;1EQF
6885,MAP3K7,mitogen-activated protein kinase kinase kinase 7,True,True,True,False,79,Tchem,5V5N;5JGD;5GJF;5GJG;5GJD;2EVA;5JGB;5JK3;5JGA;5J8I;5E7R;2YIY;4GS6;4O91;5JH6;4L53;4L52;5J9L;5J7S;4L3P
7006,TEC,tec protein tyrosine kinase,True,True,True,False,1190,Tchem,
7010,TEK,TEK receptor tyrosine kinase,True,True,True,False,443,Tclin,2WQB;3L8P;1FVR;2OSC;2OO8;4X3J;6MWE;2P4I
7016,TESK1,testis associated actin remodelling kinase 1,True,True,True,True,10,Tbio,
7046,TGFBR1,transforming growth factor beta receptor 1,True,True,True,False,296,Tchem,1RW8;1PY5;5FRI;5E90;1VJY;6B8Y;2X7O;5QIM;5QIL;5QIK;4X2N;5E8W;5E8T;5E8U;4X2J;5E8S;4X2F;2WOT;1IAS;5E8Z;4X0M;3TZM;2WOU;1B6C;3GXL;3FAA;4X2G;3KCF;4X2K;5USQ;3HMM;5E8X
7048,TGFBR2,transforming growth factor beta receptor 2,True,True,True,False,423,Tchem,5E8V;5E91;5E92;5QIN;5E8Y
7075,TIE1,tyrosine kinase with immunoglobulin like and EGF like domains 1,True,True,True,False,70,Tchem,
7204,TRIO,trio Rho guanine nucleotide exchange factor,True,True,True,False,1106,Tbio,
7272,TTK,TTK protein kinase,True,True,True,False,703,Tchem,3GFW;5N9S;4BI1;4BI0;4BI2;5N84;5N87;5AP4;5N7V;5LJJ;6B4W;3H9F;5O91;3WZJ;3WZK;5NA0;4CVA;4O6L;5EH0;4BHZ;5AP3;5AP0;5AP1;5AP6;5AP7;3CEK;5AP5;4C4J;4C4I;4C4H;4C4G;4C4F;4C4E;6H3K;4JT3;3WYY;3WYX;4ZEG;5EHY;3W1F;5NAD;5EHO;5EHL;4JS8;4CV9;4CV8;5NTT;5EI2;3VQU;5EI6;5N93;3DBQ;3HMP;5AP2;3HMN;3HMO;2X9E;4D2S;2ZMD;2ZMC;5MRB
7273,TTN,titin,True,True,True,False,414,Tbio,4JNW;1TKI
7294,TXK,TXK tyrosine kinase,True,True,True,False,13,Tchem,
7297,TYK2,tyrosine kinase 2,True,True,True,False,291,Tclin,5WAL;4GIH;4GII;6DBM;4WOV;5C01;4GVJ;6DBK;5C03;4GJ3;4GJ2;6AAM;5TKD;4PY1;3NYX;4GFO;4OLI;3ZON;5F20;3LXP;3NZ0;5F1Z;3LXN
7301,TYRO3,TYRO3 protein tyrosine kinase,True,True,True,False,188,Tchem,
7443,VRK1,vaccinia related kinase 1,True,True,True,False,58,Tbio,6AC9;6BP0;6CFM;3OP5;6BRU;6CNX;6BU6;2KUL;2RSV;6CQH;6CMM;2KTY;6CSW;5UVF;6BTW;6DD4;5UKF;2LAV
7444,VRK2,vaccinia related kinase 2,True,True,True,True,29,Tbio,5UU1;2V62
7465,WEE1,WEE1 G2 checkpoint kinase,True,True,True,False,427,Tchem,3CR0;5VD8;5VDA;5VD2;2IO6;5VD9;2IN6;5VD5;1X8B;5VD7;5VD4;2Z2W;3BIZ;5V5Y;5VC4;5VC5;3BI6;3CQE;5VC6;5VC3
7525,YES1,"YES proto-oncogene 1, Src family tyrosine kinase",True,True,True,False,54,Tclin,
7535,ZAP70,zeta chain of T cell receptor associated protein kinase 70,True,True,True,False,380,Tchem,1U59;2OZO;4K2R
7786,MAP3K12,mitogen-activated protein kinase kinase kinase 12,True,True,True,False,19,Tchem,5CEQ;5CEP;5VO1;5VO2;5CEO;5CEN
7867,MAPKAPK3,mitogen-activated protein kinase-activated protein kinase 3,True,True,True,False,26,Tbio,3FHR;3R1N;3SHE;3FXW
8019,BRD3,bromodomain containing 3,True,True,False,False,118,Tchem,3S91;2E7N;3S92;5HJC;2NXB;2OO1;5HFR;5A7C;2YW5
8295,TRRAP,transformation/transcription domain associated protein,True,True,True,False,54,Tbio,
8317,CDC7,cell division cycle 7,True,True,True,False,129,Tchem,4F99;4F9A;4F9C;4F9B
8394,PIP5K1A,phosphatidylinositol-4-phosphate 5-kinase type 1 alpha,False,False,False,True,9,Tdark,
8395,PIP5K1B,phosphatidylinositol-4-phosphate 5-kinase type 1 beta,False,False,False,True,9,Tbio,
8408,ULK1,unc-51 like autophagy activating kinase 1,True,True,True,False,696,Tchem,4WNP;5CI7;4WNO
8428,STK24,serine/threonine kinase 24,True,True,True,False,30,Tchem,4QO9;3CKX;3ZHP;3CKW;4QNA;4W8D;4W8E;4U8Z;4O27;4QMZ;4QMX;4QMY;4QMS;4QMP;4QMQ;4QMV;4QMW;4QMT;4QMU;3A7I;3A7H;3A7J;4QMN;4QMO;4QML;4QMM;3A7G;3A7F
8444,DYRK3,dual specificity tyrosine phosphorylation regulated kinase 3,True,True,True,True,12,Tchem,5Y86
8445,DYRK2,dual specificity tyrosine phosphorylation regulated kinase 2,True,True,True,True,54,Tchem,5LXD;5LXC;4AZF;3KVW;3K2L;5ZTN
8476,CDC42BPA,CDC42 binding protein kinase alpha,True,True,True,True,21,Tchem,
8491,MAP4K3,mitogen-activated protein kinase kinase kinase kinase 3,True,True,True,False,31,Tchem,5J5T
8525,DGKZ,diacylglycerol kinase zeta,False,False,True,False,6,Tbio,
8526,DGKE,diacylglycerol kinase epsilon,False,False,True,False,36,Tbio,
8527,DGKD,diacylglycerol kinase delta,False,False,True,False,8,Tbio,
8536,CAMK1,calcium/calmodulin dependent protein kinase I,True,True,True,False,30,Tchem,4FG7;4FGB;4FG9;4FG8
8550,MAPKAPK5,mitogen-activated protein kinase-activated protein kinase 5,True,True,True,False,27,Tdark,
8558,CDK10,cyclin dependent kinase 10,True,True,True,True,30,Tbio,
8569,MKNK1,MAP kinase interacting serine/threonine kinase 1,True,True,True,True,75,Tchem,5WVD;2HW6
8573,CASK,calcium/calmodulin dependent serine protein kinase,True,True,True,False,138,Tchem,3C0I;1KGD;3TAC;3C0H;3MFS;3MFR;3C0G;3MFT;3MFU
8576,STK16,serine/threonine kinase 16,True,True,True,False,9,Tchem,2BUJ
8621,CDK13,cyclin dependent kinase 13,True,True,True,True,23,Tchem,5EFQ
8711,TNK1,tyrosine kinase non receptor 1,True,True,True,False,7,Tchem,4U6A;4DVI;5JTI;5ETY;4N4V;4LI6;5KNI;4UUH;2RF5;5JHQ;5EBT;4W6E;4MT9;5JU5;4K4F;4KRS;4TOR;4LI8;4LI7;4N3R;4OA7;4TOS;4I9I;3UDD;4MSG;5ECE;4UW1;4W5S;4K4E;4MSK;3UH2;3UH4;5GP7
8737,RIPK1,receptor interacting serine/threonine kinase 1,True,True,True,False,514,Tchem,5HX6;4NEU;6HHO;4ITI;4ITH;4ITJ;6C3E;5TX5;6C4D
8767,RIPK2,receptor interacting serine/threonine kinase 2,True,True,True,False,164,Tchem,5W5J;5NG3;5AR8;5J79;6ES0;5AR4;4C8B;5NG2;5AR7;5W5O;5AR2;5AR3;5NG0;5AR5;6FU5;5J7B;6HMX
8780,RIOK3,RIO kinase 3,True,True,True,True,10,Tchem,
8798,DYRK4,dual specificity tyrosine phosphorylation regulated kinase 4,True,True,True,True,3,Tdark,
8805,TRIM24,tripartite motif containing 24,True,True,False,False,63,Tchem,3O37;3O36;3O35;3O34;3O33;4YAX;4ZQL;5H1T;4YAD;4YAB;5H1U;4YBM;4YBS;5H1V;2YYN;4YBT;4YC9;4YAT
8814,CDKL1,cyclin dependent kinase like 1,True,True,True,True,5,Tchem,4AGU
8844,KSR1,kinase suppressor of ras 1,True,True,True,False,45,Tbio,
8859,STK19,serine/threonine kinase 19,True,True,False,True,8,Tbio,
8899,PRPF4B,pre-mRNA processing factor 4B,True,True,True,True,8,Tchem,4IAN;4IIR;4IJP;4IFC;6CNH
8986,RPS6KA4,ribosomal protein S6 kinase A4,True,True,True,False,20,Tchem,
8997,KALRN,kalirin RhoGEF kinase,True,True,True,False,41,Tbio,
8999,CDKL2,cyclin dependent kinase like 2,True,True,True,True,7,Tchem,4BBM;4AAA
9020,MAP3K14,mitogen-activated protein kinase kinase kinase 14,True,True,True,True,39,Tchem,4IDT;4DN5;4G3D;4IDV
9024,BRSK2,BR serine/threonine kinase 2,True,True,True,True,20,Tchem,
9031,BAZ1B,bromodomain adjacent to zinc finger domain 1B,False,True,False,False,32,Tbio,
9064,MAP3K6,mitogen-activated protein kinase kinase kinase 6,True,True,True,False,8,Tbio,
9088,PKMYT1,"protein kinase, membrane associated tyrosine/threonine 1",True,True,True,True,21,Tchem,3P1A;5VD1;5VD0;5VD3;5VCX;5VCY;5VCZ;5VCV;5VCW
9113,LATS1,large tumor suppressor kinase 1,True,True,True,False,324,Tbio,
9149,DYRK1B,dual specificity tyrosine phosphorylation regulated kinase 1B,True,True,True,True,58,Tchem,
9162,DGKI,diacylglycerol kinase iota,False,False,True,False,7,Tbio,
9175,MAP3K13,mitogen-activated protein kinase kinase kinase 13,True,True,True,False,9,Tchem,
9201,DCLK1,doublecortin like kinase 1,True,True,True,False,146,Tchem,5JZJ;5JZN
9212,AURKB,aurora kinase B,True,True,True,False,327,Tchem,4AF3
9238,TBRG4,transforming growth factor beta regulator 4,False,False,True,False,5,Tbio,
9252,RPS6KA5,ribosomal protein S6 kinase A5,True,True,True,False,9,Tchem,3KN5;3KN6;1VZO
9261,MAPKAPK2,mitogen-activated protein kinase-activated protein kinase 2,True,True,True,False,189,Tchem,3FYJ;3FYK;2JBP;2ONL;4TYH;3KA0;2P3G;3KC3;3A2C;3M42;3GOK;2OZA;2JBO;3R30;2PZY;1KWP;3KGA;3WI6;1NY3;1NXK;3R2Y;3FPM;3M2W;3R2B
9262,STK17B,serine/threonine kinase 17b,True,True,True,True,10,Tchem,3LM0;3LM5
9263,STK17A,serine/threonine kinase 17a,True,True,True,True,9,Tchem,
9344,TAOK2,TAO kinase 2,True,True,True,True,12,Tchem,
9448,MAP4K4,mitogen-activated protein kinase kinase kinase kinase 4,True,True,True,False,102,Tchem,4ZK5;4RVT;4OBP;4U3Z;4ZP5;5DI1;4U44;5W5Q;5J95;4U40;4U41;4OBQ;4OBO;4U42;4U45;4U43;4U3Y
9451,EIF2AK3,eukaryotic translation initiation factor 2 alpha kinase 3,True,True,True,False,290,Tchem,4M7I;4G31;4G34;4X7L;4X7O;4X7N;4X7H;4X7K;4X7J
9475,ROCK2,Rho associated coiled-coil containing protein kinase 2,True,True,True,False,492,Tclin,6ED6;4WOT;5U7R;5U7Q;4L6Q
9578,CDC42BPB,CDC42 binding protein kinase beta,True,True,True,True,10,Tbio,4UAK;4UAL;3QFV;5OTE;5OTF;3TKU
9625,AATK,apoptosis associated tyrosine kinase,True,True,True,False,12,Tbio,
9641,IKBKE,inhibitor of nuclear factor kappa B kinase subunit epsilon,True,True,True,False,55,Tchem,
9706,ULK2,unc-51 like autophagy activating kinase 2,True,True,True,False,48,Tchem,
9748,SLK,STE20 like kinase,True,True,True,False,253,Tchem,2UV2;2J51;6HVD;4USF;2JFL;2JFM
9833,MELK,maternal embryonic leucine zipper kinase,True,True,True,False,183,Tchem,5M5A;5K00;4IXP;5IH8;5IH9;5TVT;4BL1;4UMT;4UMU;4UMR;4UMP;4UMQ;5IHC;5IHA;5TX3;5TWZ;5MAG;5MAF;5MAI;5MAH;5TWL;4BKZ;4BKY;5TWU;4D2P;4D2V;4D2W;4D2T;5TWY
9866,TRIM66,tripartite motif containing 66,False,True,False,False,4,Tdark,
9874,TLK1,tousled like kinase 1,True,True,True,True,17,Tchem,
9891,NUAK1,NUAK family kinase 1,True,True,True,False,48,Tchem,
9943,OXSR1,oxidative stress responsive 1,True,True,True,False,11,Tbio,2VWI;3DAK
10000,AKT3,AKT serine/threonine kinase 3,True,True,True,False,302,Tchem,
10087,COL4A3BP,collagen type IV alpha 3 binding protein,False,True,False,False,23,Tbio,2Z9Z;3H3T;2E3R;2E3S;2E3P;2E3Q;4HHV;3H3S;2E3N;2E3O;3H3R;2E3M;5JJD;2Z9Y;2RSG;3H3Q
10110,SGK2,"SGK2, serine/threonine kinase 2",True,True,True,False,20,Tbio,
10114,HIPK3,homeodomain interacting protein kinase 3,True,True,True,True,32,Tchem,
10155,TRIM28,tripartite motif containing 28,True,True,False,False,192,Tbio,2RO1
10188,TNK2,tyrosine kinase non receptor 2,True,True,True,False,51,Tchem,1U46;4ID7;5ZXB;4HZR;1U54;1U4D;4EWH;3EQR;3EQP;4HZS
10221,TRIB1,tribbles pseudokinase 1,True,True,True,False,108,Tbio,
10290,SPEG,SPEG complex locus,False,True,True,False,84,Tbio,
10295,BCKDK,branched chain ketoacid dehydrogenase kinase,True,True,True,True,14,Tbio,
10298,PAK4,p21 (RAC1) activated kinase 4,True,True,True,False,166,Tchem,4APP;4O0Y;4O0X;4O0V;5XVG;5XVF;5XVA;5I0B;5BMS;5VEF;5VED;5VEE;4JDJ;4JDK;4JDH;4JDI;2J0I;5UPL;5UPK;2BVA;2X4Z;4FIE;4FIG;4FIF;4FII;4FIH;4FIJ;4L67;2Q0N;2CDZ;4NJD;4XBU;4XBR
10420,TESK2,testis associated actin remodelling kinase 2,True,True,True,True,4,Tdark,
10461,MERTK,"MER proto-oncogene, tyrosine kinase",True,True,True,False,325,Tchem,2P0C;4MH7;5K0K;3BRB;5K0X;5TC0;4MHA;4M3Q;3TCP;5TD2;5U6C;3BPR
10494,STK25,serine/threonine kinase 25,True,True,True,False,24,Tchem,2XIK;4NZW
10595,ERN2,endoplasmic reticulum to nucleus signaling 2,True,True,True,True,101,Tbio,
10645,CAMKK2,calcium/calmodulin dependent protein kinase kinase 2,True,True,True,True,93,Tchem,2ZV2;6BKU;6BQL;6CMJ;6BLE;6BQQ;5UY6;5YVA;5YVB;5YVC;5YV8;5YV9;6BQP;5VT1;6BRC;5UYJ
10733,PLK4,polo like kinase 4,True,True,True,False,151,Tchem,4YUR;4JXF;3COK
10746,MAP3K2,mitogen-activated protein kinase kinase kinase 2,True,True,True,False,39,Tchem,
10769,PLK2,polo like kinase 2,True,True,True,False,102,Tchem,4I6F;4I5P;4I6H;4I6B;4I5M
10783,NEK6,NIMA related kinase 6,True,True,True,True,35,Tchem,
10922,FASTK,Fas activated serine/threonine kinase,True,True,True,False,11,Tbio,
11011,TLK2,tousled like kinase 2,True,True,True,True,13,Tchem,5O0Y
11035,RIPK3,receptor interacting serine/threonine kinase 3,True,True,True,False,602,Tchem,
11040,PIM2,"Pim-2 proto-oncogene, serine/threonine kinase",True,True,True,False,125,Tchem,2IWI;4X7Q
11113,CIT,citron rho-interacting serine/threonine kinase,True,True,True,False,2013,Tchem,
11177,BAZ1A,bromodomain adjacent to zinc finger domain 1A,False,True,False,False,19,Tbio,5UIY
11183,MAP4K5,mitogen-activated protein kinase kinase kinase kinase 5,True,True,True,False,5,Tchem,
11184,MAP4K1,mitogen-activated protein kinase kinase kinase kinase 1,True,True,True,False,8,Tchem,6CQF;6CQD;6CQE
11200,CHEK2,checkpoint kinase 2,True,True,True,False,533,Tchem,2WTC;2WTD;2YCF;2XM8;2WTJ;2W0J;4A9T;4A9U;4A9R;2YCS;2XK9;2YCQ;2CN5;2YCR;2CN8;2WTI;2XBJ;4A9S;2W7X;3I6W;3I6U;2XM9;4BDJ;4BDK;4BDH;4BDI;4BDF;4BDG;4BDD;4BDE;4BDB;4BDC;4BDA;2YIQ;2YIR;2YIT
11213,IRAK3,interleukin 1 receptor associated kinase 3,True,True,True,False,85,Tchem,
11329,STK38,serine/threonine kinase 38,True,True,True,False,29,Tbio,6BXI
22848,AAK1,AP2 associated kinase 1,True,True,True,False,21,Tchem,
22853,LMTK2,lemur tyrosine kinase 2,True,True,True,True,16,Tbio,
22858,ICK,intestinal cell kinase,True,True,True,True,108,Tchem,
22868,FASTKD2,FAST kinase domains 2,False,False,True,False,13,Tbio,
22983,MAST1,microtubule associated serine/threonine kinase 1,True,True,True,False,7,Tchem,
23012,STK38L,serine/threonine kinase 38 like,True,True,True,True,18,Tchem,
23031,MAST3,microtubule associated serine/threonine kinase 3,True,True,True,True,5,Tbio,
23043,TNIK,TRAF2 and NCK interacting kinase,True,True,True,False,38,Tchem,5D7A;5AX9;2X7F;5CWZ
23049,SMG1,"SMG1, nonsense mediated mRNA decay associated PI3K related kinase",True,True,True,False,64,Tchem,
23097,CDK19,cyclin dependent kinase 19,True,True,True,True,46,Tchem,
23139,MAST2,microtubule associated serine/threonine kinase 2,True,True,True,True,11,Tbio,
23178,PASK,PAS domain containing serine/threonine kinase,True,True,True,False,110,Tbio,3DLS
23235,SIK2,salt inducible kinase 2,True,True,True,False,50,Tchem,
23387,SIK3,SIK family kinase 3,True,True,True,False,38,Tchem,
23396,PIP5K1C,phosphatidylinositol-4-phosphate 5-kinase type 1 gamma,False,False,False,True,15,Tchem,
23476,BRD4,bromodomain containing 4,True,True,False,False,818,Tchem,4A9L;5UVX;6CD4;5UVZ;4KV4;5UVT;5D3N;5UVV;5UVW;4GPJ;5UVS;5UF0;5VZS;5A85;5D25;5D24;5HCL;5D26;6AFR;5I80;5CQT;5NNC;4YH3;5KDH;4YH4;4QR3;5DX4;5E0R;4QR5;4QR4;5UVU;5BT4;5CP5;5NNF;4J0R;4J0S;5DLX;5NNE;5XHY;4X2I;5KU3;5CPE;5H21;5I88;4PS5;5YQX;6FT4;4CFL;5CY9;5UEZ;5COI;4CFK;6FT3;4QZS;3ZYU;4E96;4HBX;4HBY;4HBV;4HBW;2YEM;5AD2;5AD3;5O97;4PCE;5WUU;5MKZ;4PCI;5WMA;5WMG;5WMD;5D3J;4IOQ;4IOR;5M3A;6BNB;6CJ1;5Z1T;2OUO;5LRQ;4Z93;3SVF;3SVG;6FSY;6CIY;5OWW;6CIS;5T35;5ULA;4OGJ;6DNE;4OGI;6CZV;6CZU;5OWM;5VBO;5FBX;5U2C;5Z1R;5CRZ;6FNX;5MLI;5UEP;5HQ6;6FO5;5Y93;5CRM;5VBP;4LYW;5CS8;5HM0;5UET;5LJ2;2YEL;4WHW;5M39;5OVB;5LJ1;6BN8;6BN9;5TI2;4MR3;4ZW1;4NQM;5UEU;3P5O;5EIS;5UEV;5UEQ;3UVW;5UES;5UER;5DLZ;3UVX;3UVY;5UEY;5UEX;6C7R;4BW3;4BW2;4BW1;2LSP;5KHM;5TI3;4BW4;5UEO;6CKS;2OSS;5Y8Z;4HXK;4HXL;4HXM;4HXN;4HXO;4MEN;4MEO;5Y8W;5JWM;4C67;4C66;4CLB;4MEP;4MEQ;4HXP;5Y8C;4HXR;4HXS;4Z1Q;6G0S;4Z1S;5F63;5F62;4XY9;5F60;5U2E;5U2F;5CTL;5N2M;5HLS;4CL9;6BOY;5U28;5LUU;5ACY;5F5Z;4XYA;4DON;5V67;5DW2;5EI4;6G0P;4WIV;6CKR;4NUE;5VOM;5WA5;5UVY;5IGK;6G0O;4UYD;6G0Q;4LYS;5EGU;6G0R;5Y8Y;5F61;6HDQ;3MXF;4O78;4O76;4O77;4O74;4O75;4O72;4J3I;4O71;4IOO;3UW9;4LRG;5Y94;4LZR;4LZS;4UIX;4UIY;4BJX;5Z1S;5D3L;6DJC;5D3R;5D3S;5D3P;5NNG;4O70;5D3T;5NND;4F3I;3U5L;3U5K;3U5J;2MJV;5W55;6E4A;5TI4;5TI5;5TI6;5TI7;4KV1;5HQ5;4ZC9;5HQ7;4NR8;5UOO;4MR4;4LR6;5KJ0;6BN7;4QB3;5A5S;5XI4;5Z9C;5XI2;5XI3;5D0C;5CFW;4O7F;4NUD;4O7E;4O7B;4O7C;4NUC;4O7A;4UIZ;2I8N;6DMJ;5Y1Y;6DML;4LYI;6C7Q;5D3H
23552,CDK20,cyclin dependent kinase 20,True,True,True,True,6,Tbio,
23604,DAPK2,death associated protein kinase 2,True,True,True,False,323,Tchem,2A2A;1WMK;1ZWS;2A27;1Z9X;2CKE
23617,TSSK2,testis specific serine kinase 2,True,True,True,True,8,Tbio,
23678,SGK3,serum/glucocorticoid regulated kinase family member 3,True,True,True,False,51,Tchem,
23683,PRKD3,protein kinase D3,True,True,True,False,10,Tchem,
25778,DSTYK,dual serine/threonine and tyrosine protein kinase,True,True,True,True,7,Tchem,
25865,PRKD2,protein kinase D2,True,True,True,False,16,Tchem,
25989,ULK3,unc-51 like kinase 3,True,True,True,False,15,Tchem,6FDY;6FDZ
26353,HSPB8,heat shock protein family B (small) member 8,True,False,False,False,97,Tbio,
26524,LATS2,large tumor suppressor kinase 2,True,True,True,False,199,Tchem,
26576,SRPK3,SRSF protein kinase 3,True,True,True,True,4,Tchem,
26750,RPS6KC1,ribosomal protein S6 kinase C1,True,True,True,True,4,Tdark,
27102,EIF2AK1,eukaryotic translation initiation factor 2 alpha kinase 1,True,True,True,False,24,Tchem,
27148,STK36,serine/threonine kinase 36,True,True,True,True,8,Tbio,
27330,RPS6KA6,ribosomal protein S6 kinase A6,True,True,True,False,14,Tchem,
27347,STK39,serine/threonine kinase 39,True,True,True,False,131,Tbio,
28951,TRIB2,tribbles pseudokinase 2,True,True,True,False,62,Tbio,
28996,HIPK2,homeodomain interacting protein kinase 2,True,True,True,False,131,Tchem,
29110,TBK1,TANK binding kinase 1,True,True,True,False,639,Tchem,4IM2;4IM3;4IM0;6CQ4;6CQ5;6BOE;4IWP;4EUT;4EUU;4IW0;4IWQ;6BOD;4IWO;5W5V;6BNY;6CQ0
29904,EEF2K,eukaryotic elongation factor 2 kinase,True,True,True,True,121,Tbio,
29941,PKN3,protein kinase N3,True,True,True,True,9,Tbio,
29959,NRBP1,nuclear receptor binding protein 1,True,True,True,False,9,Tbio,
30811,HUNK,hormonally up-regulated Neu-associated kinase,True,True,True,False,7,Tchem,
30849,PIK3R4,phosphoinositide-3-kinase regulatory subunit 4,True,True,True,False,22,Tbio,
50488,MINK1,misshapen like kinase 1,True,True,True,False,12,Tchem,
51086,TNNI3K,TNNI3 interacting kinase,True,True,True,False,41,Tchem,4YFF;4YFI;6B5J
51135,IRAK4,interleukin 1 receptor associated kinase 4,True,True,True,False,241,Tchem,5W84;5KX8;5UIS;5UIR;5UIU;5UIT;4Y73;5T1T;5K7G;4U9A;5T1S;4XS2;5K7I;6N8G;5KX7;2OIB;2OIC;2O8Y;2OID;5K75;5W85;5K76;4U97;5UIQ;5K72;4ZTN;4ZTL;4ZTM;6F3E;6F3D;6F3G;2NRU;4YP8;4RMZ;6F3I;4YO6;2NRY
51231,VRK3,vaccinia related kinase 3,True,True,True,True,8,Tbio,2JII
51265,CDKL3,cyclin dependent kinase like 3,True,True,True,True,6,Tchem,3ZDU
51347,TAOK3,TAO kinase 3,True,True,True,False,11,Tchem,
51592,TRIM33,tripartite motif containing 33,True,True,False,False,71,Tbio,3U5O;3U5N;3U5M;5MR8;3U5P
51701,NLK,nemo like kinase,True,True,True,False,88,Tchem,
51755,CDK12,cyclin dependent kinase 12,True,True,True,True,66,Tbio,6CKX;4CXA;4UN0;5ACB;6B3E;4NST
51765,STK26,serine/threonine kinase 26,True,True,True,False,3,Tchem,4FZA;4FZD;3GGF;4FZF
51776,MAP3K20,mitogen-activated protein kinase kinase kinase 20,True,True,True,False,1,Tchem,5X5O;5HES
53904,MYO3A,myosin IIIA,True,True,True,False,18,Tbio,
53944,CSNK1G1,casein kinase 1 gamma 1,True,True,True,True,3,Tbio,2CMW
54101,RIPK4,receptor interacting serine/threonine kinase 4,True,True,True,False,37,Tchem,
54822,TRPM7,transient receptor potential cation channel subfamily M member 7,True,True,True,False,309,Tbio,
54861,SNRK,SNF related kinase,True,True,True,False,31,Tbio,5YKS
54899,PXK,PX domain containing serine/threonine kinase like,True,True,True,True,15,Tbio,
54986,ULK4,unc-51 like kinase 4,True,True,True,True,21,Tbio,
55300,PI4K2B,phosphatidylinositol 4-kinase type 2 beta,False,False,True,False,2,Tbio,
55351,STK32B,serine/threonine kinase 32B,True,True,True,True,9,Tdark,
55359,STYK1,serine/threonine/tyrosine kinase 1,True,True,True,False,18,Tbio,
55361,PI4K2A,phosphatidylinositol 4-kinase type 2 alpha,False,False,True,False,4,Tbio,4HND;4HNE
55437,STRADB,STE20-related kinase adaptor beta,True,True,True,False,2,Tbio,
55561,CDC42BPG,CDC42 binding protein kinase gamma,True,True,True,True,2,Tbio,
55589,BMP2K,BMP2 inducible kinase,True,True,True,False,10,Tchem,5I3O;5IKW;4W9W;4W9X;5I3R
55681,SCYL2,SCY1 like pseudokinase 2,True,True,True,True,5,Tbio,
55781,RIOK2,RIO kinase 2,True,True,True,True,8,Tbio,6HK6
55872,PBK,PDZ binding kinase,True,True,True,False,149,Tchem,5J0A
56155,TEX14,"testis expressed 14, intercellular bridge forming factor",True,True,True,False,12,Tbio,
56164,STK31,serine/threonine kinase 31,True,True,True,True,15,Tbio,
56924,PAK6,p21 (RAC1) activated kinase 6,True,True,True,True,44,Tchem,2C30;4KS7;4KS8
56997,COQ8A,coenzyme Q8A,True,True,True,True,5,Tbio,5I35;4PED
57118,CAMK1D,calcium/calmodulin dependent protein kinase ID,True,True,True,True,27,Tchem,2JC6
57143,ADCK1,aarF domain containing kinase 1,True,True,True,True,4,Tdark,
57144,PAK5,p21 (RAC1) activated kinase 5,True,True,True,True,33,Tchem,2F57
57147,SCYL3,SCY1 like pseudokinase 3,True,True,True,True,3,Tdark,
57172,CAMK1G,calcium/calmodulin dependent protein kinase IG,True,True,True,True,6,Tchem,2JAM
57396,CLK4,CDC like kinase 4,True,True,True,True,15,Tchem,6FYV
57410,SCYL1,SCY1 like pseudokinase 1,True,True,True,True,19,Tbio,
57538,ALPK3,alpha kinase 3,True,True,True,True,7,Tdark,
57551,TAOK1,TAO kinase 1,True,True,True,True,12,Tchem,
57761,TRIB3,tribbles pseudokinase 3,True,True,True,False,162,Tbio,
57787,MARK4,microtubule affinity regulating kinase 4,True,True,True,True,49,Tchem,5ES1
60493,FASTKD5,FAST kinase domains 5,False,False,True,False,4,Tdark,
65018,PINK1,PTEN induced putative kinase 1,True,True,True,False,967,Tbio,
65061,CDK15,cyclin dependent kinase 15,True,True,True,True,2,Tchem,
65125,WNK1,WNK lysine deficient protein kinase 1,True,True,True,False,191,Tbio,5TF9;5WDY;4PWN;5WE8
65266,WNK4,WNK lysine deficient protein kinase 4,True,True,True,False,132,Tbio,
65267,WNK3,WNK lysine deficient protein kinase 3,True,True,True,True,25,Tbio,5O2B;5O2C;5O23;5O1V;5O21;5O26
65268,WNK2,WNK lysine deficient protein kinase 2,True,True,True,True,16,Tbio,
65975,STK33,serine/threonine kinase 33,True,True,True,True,26,Tchem,
79012,CAMKV,CaM kinase like vesicle associated,True,True,True,True,4,Tbio,
79072,FASTKD3,FAST kinase domains 3,False,False,True,False,2,Tbio,
79675,FASTKD1,FAST kinase domains 1,False,False,True,False,5,Tdark,
79705,LRRK1,leucine rich repeat kinase 1,True,True,True,True,34,Tbio,
79834,PEAK1,pseudopodium enriched atypical kinase 1,True,True,True,False,27,Tbio,6BHC
79837,PIP4K2C,phosphatidylinositol-5-phosphate 4-kinase type 2 gamma,False,False,False,True,4,Tchem,2GK9
79858,NEK11,NIMA related kinase 11,True,True,True,True,5,Tbio,
79934,COQ8B,coenzyme Q8B,True,True,True,True,2,Tchem,
80122,MAP3K19,mitogen-activated protein kinase kinase kinase 19,True,True,True,False,3,Tchem,
80201,HKDC1,hexokinase domain containing 1,False,False,True,False,16,Tbio,
80216,ALPK1,alpha kinase 1,True,True,True,False,20,Tbio,
81629,TSSK3,testis specific serine kinase 3,True,True,True,True,3,Tbio,
81788,NUAK2,NUAK family kinase 2,True,True,True,True,19,Tchem,
83440,ADPGK,ADP dependent glucokinase,False,False,True,False,8,Tbio,
83694,RPS6KL1,ribosomal protein S6 kinase like 1,True,True,True,True,3,Tdark,
83732,RIOK1,RIO kinase 1,True,True,True,True,12,Tchem,4OTP
83903,HASPIN,histone H3 associated protein kinase,True,True,True,False,55,Tbio,3IQ7;4OUC;6G34;6G35;6G36;3F2N;6G38;6G39;6G37;2VUW;3DLZ;3FMD;6G3A;5HTC;5HTB;3E7V;4QTC;2WB8
83931,STK40,serine/threonine kinase 40,True,True,True,True,18,Tbio,5L2Q
83942,TSSK1B,testis specific serine kinase 1B,True,True,True,True,3,Tchem,
83983,TSSK6,testis specific serine kinase 6,True,True,True,True,11,Tbio,
84033,OBSCN,"obscurin, cytoskeletal calmodulin and titin-interacting RhoGEF",True,True,True,True,39,Tbio,
84197,POMK,protein-O-mannose kinase,True,True,True,True,9,Tdark,
84254,CAMKK1,calcium/calmodulin dependent protein kinase kinase 1,True,True,True,True,12,Tchem,6CCF;6CD6
84446,BRSK1,BR serine/threonine kinase 1,True,True,True,True,24,Tchem,
84451,MAP3K21,mitogen-activated protein kinase kinase kinase 21,True,True,True,True,4,Tdark,4UYA
84630,TTBK1,tau tubulin kinase 1,True,True,True,True,14,Tbio,4NFM;4NFN;4BTM;4BTJ;4BTK
84930,MASTL,microtubule associated serine/threonine kinase like,True,True,True,False,33,Tbio,
85366,MYLK2,myosin light chain kinase 2,True,True,True,False,10,Tbio,
85443,DCLK3,doublecortin like kinase 3,True,True,True,True,2,Tchem,
85481,PSKH2,protein serine kinase H2,True,True,True,True,0,Tdark,
90956,ADCK2,aarF domain containing kinase 2,True,True,True,True,0,Tbio,
91461,PKDCC,"protein kinase domain containing, cytoplasmic",True,True,True,False,7,Tbio,
91754,NEK9,NIMA related kinase 9,True,True,True,True,26,Tchem,
91807,MYLK3,myosin light chain kinase 3,True,True,True,False,8,Tchem,
92335,STRADA,STE20-related kinase adaptor alpha,True,True,True,False,1697,Tbio,3GNI;2WTK
93627,TBCK,TBC1 domain containing kinase,True,True,True,True,13,Tbio,
112858,TP53RK,TP53 regulating kinase,True,True,True,True,7,Tbio,
114783,LMTK3,lemur tyrosine kinase 3,True,True,True,True,26,Tbio,
115701,ALPK2,alpha kinase 2,True,True,True,True,7,Tbio,
120892,LRRK2,leucine rich repeat kinase 2,True,True,True,False,1014,Tchem,
122011,CSNK1A1L,casein kinase 1 alpha 1 like,True,True,True,True,1,Tdark,
124923,SGK494,-,True,True,True,True,3,Tdark,
127933,UHMK1,U2AF homology motif kinase 1,True,True,True,False,15,Tbio,
130399,ACVR1C,activin A receptor type 1C,True,True,True,False,32,Tbio,
131890,GRK7,G protein-coupled receptor kinase 7,True,True,True,False,6,Tchem,
138474,TAF1L,TATA-box binding protein associated factor 1 like,True,True,False,False,9,Tchem,3HMH;5IGL
139189,DGKK,diacylglycerol kinase kappa,False,False,True,False,9,Tbio,
139728,PNCK,pregnancy up-regulated nonubiquitous CaM kinase,True,True,True,True,6,Tbio,
140469,MYO3B,myosin IIIB,True,True,True,False,10,Tbio,
140609,NEK7,NIMA related kinase 7,True,True,True,True,40,Tchem,6GT1;5DE2;2WQN;2WQM
140803,TRPM6,transient receptor potential cation channel subfamily M member 6,True,True,True,False,136,Tchem,
140901,STK35,serine/threonine kinase 35,True,True,True,False,4,Tchem,
146057,TTBK2,tau tubulin kinase 2,True,True,True,True,27,Tbio,
147746,HIPK4,homeodomain interacting protein kinase 4,True,True,True,True,4,Tchem,
149420,PDIK1L,PDLIM1 interacting kinase 1 like,True,True,True,True,1,Tdark,
150094,SIK1,salt inducible kinase 1,True,True,True,False,65,Tchem,
152110,NEK10,NIMA related kinase 10,True,True,True,True,7,Tdark,
157285,PRAG1,"PEAK1 related, kinase-activating pseudokinase 1",True,True,True,True,1,Tbio,5VE6
160851,DGKH,diacylglycerol kinase eta,False,False,True,False,25,Tbio,
166614,DCLK2,doublecortin like kinase 2,True,True,True,False,8,Tchem,
167359,NIM1K,NIM1 serine/threonine protein kinase,True,True,True,True,0,Tbio,
169436,STKLD1,serine/threonine kinase like domain containing 1,True,True,True,True,0,Tdark,
197259,MLKL,mixed lineage kinase domain like pseudokinase,True,True,True,False,429,Tbio,5KNJ;4MWI;6BWK;4M67;5KO1
202374,STK32A,serine/threonine kinase 32A,True,True,True,True,4,Tchem,4FR4
203054,ADCK5,aarF domain containing kinase 5,True,True,True,True,1,Tdark,
203447,NRK,Nik related kinase,True,True,True,True,428,Tdark,
204851,HIPK1,homeodomain interacting protein kinase 1,True,True,True,True,29,Tbio,
225689,MAPK15,mitogen-activated protein kinase 15,True,True,True,True,16,Tchem,
255239,ANKK1,ankyrin repeat and kinase domain containing 1,True,True,True,False,156,Tbio,
255967,PAN3,poly(A) specific ribonuclease subunit PAN3,False,True,False,True,26,Tdark,
282974,STK32C,serine/threonine kinase 32C,True,True,True,True,6,Tbio,
283106,CSNK2A3,casein kinase 2 alpha 3,False,False,True,True,0,Tdark,
283455,KSR2,kinase suppressor of ras 2,True,True,True,False,25,Tbio,5KKR;2Y4I
283629,TSSK4,testis specific serine kinase 4,True,True,True,True,7,Tbio,
284086,NEK8,NIMA related kinase 8,True,True,True,True,28,Tbio,
284656,EPHA10,EPH receptor A10,True,True,True,False,17,Tbio,
285220,EPHA6,EPH receptor A6,True,True,True,False,24,Tchem,
285962,WEE2-AS1,WEE2 antisense RNA 1,True,False,False,False,1,Tdark,
340156,MYLK4,myosin light chain kinase family member 4,True,True,True,False,5,Tchem,2X4F
340371,NRBP2,nuclear receptor binding protein 2,True,True,True,True,3,Tdark,
341676,NEK5,NIMA related kinase 5,True,True,True,True,7,Tchem,
344387,CDKL4,cyclin dependent kinase like 4,True,True,True,True,2,Tdark,
375133,PI4KAP2,phosphatidylinositol 4-kinase alpha pseudogene 2,False,False,True,False,1,Tdark,
375449,MAST4,microtubule associated serine/threonine kinase family member 4,True,True,True,True,10,Tbio,
388228,SBK1,SH3 domain binding kinase 1,True,True,True,True,3,Tchem,
389840,MAP3K15,mitogen-activated protein kinase kinase kinase 15,True,True,True,True,5,Tchem,
415116,PIM3,"Pim-3 proto-oncogene, serine/threonine kinase",True,True,True,False,68,Tchem,
440275,EIF2AK4,eukaryotic translation initiation factor 2 alpha kinase 4,True,True,True,False,146,Tchem,
494551,WEE2,WEE1 homolog 2,False,True,True,True,10,Tbio,5VDK
548596,CKMT1A,"creatine kinase, mitochondrial 1A",False,False,True,False,9,Tbio,1QK1
646643,SBK2,SH3 domain binding kinase family member 2,True,True,True,True,3,Tdark,
653650,PDPK2P,"3-phosphoinositide dependent protein kinase 2, pseudogene",False,False,True,False,0,Tdark,
728642,CDK11A,cyclin dependent kinase 11A,False,False,True,True,8,Tchem,
100130827,SBK3,SH3 domain binding kinase family member 3,False,True,True,True,0,Tchem,
100526835,FPGT-TNNI3K,FPGT-TNNI3K readthrough,False,True,True,False,2,Tbio,4YFF;4YFI;6B5J
100533105,C8orf44-SGK3,C8orf44-SGK3 readthrough,False,True,True,False,0,Tchem,
102724428,SIK1B,salt inducible kinase 1B (putative),False,True,True,False,0,,
102800317,TPTEP2-CSNK1E,TPTEP2-CSNK1E readthrough,False,True,True,False,0,Tchem,4HNI;4HOK
106821730,BUB1B-PAK6,BUB1B-PAK6 readthrough,False,True,True,False,0,Tchem,2C30;4KS7;4KS8
